frame,pts,edge_energy,frame_difference,white_fraction,largest_white_fraction,white_x,white_y,white_w,white_h
0,0.0,1931.47168,0.0,0.111376,0.028647,171,152,96,96
1,0.012,1931.46313,0.1834,0.111428,0.028643,171,152,96,96
2,0.023,1929.58728,0.06873,0.111396,0.028643,171,152,96,96
3,0.034,1930.3927,0.21943,0.111404,0.028643,171,152,96,96
4,0.045,1930.57544,0.19716,0.111404,0.028639,171,152,96,96
5,0.056,1931.43481,0.26498,0.111513,0.028639,171,152,96,96
6,0.067,1931.04907,0.03842,0.111509,0.028635,171,152,96,96
7,0.078,1931.22339,0.03226,0.111513,0.028635,171,152,96,96
8,0.089,1930.58118,0.02642,0.111517,0.028635,171,152,96,96
9,0.1,1930.26782,0.01137,0.111513,0.028635,171,152,96,96
10,0.112,1930.52393,0.12864,0.111525,0.028639,171,152,96,96
11,0.124,1930.03113,0.01173,0.111533,0.028639,171,152,96,96
12,0.135,1930.19995,0.00661,0.111533,0.028639,171,152,96,96
13,0.147,1930.08167,0.005,0.111533,0.028639,171,152,96,96
14,0.158,1930.14978,0.0022,0.111533,0.028639,171,152,96,96
15,0.169,1930.37415,0.08444,0.111537,0.028643,171,152,96,96
16,0.18,1930.46667,0.00798,0.111529,0.028643,171,152,96,96
17,0.191,1930.53442,0.00277,0.111529,0.028643,171,152,96,96
18,0.202,1930.70801,0.00242,0.111529,0.028643,171,152,96,96
19,0.213,1930.98022,0.00351,0.111529,0.028643,171,152,96,96
20,0.225,1931.10303,0.03898,0.111566,0.028639,171,152,96,96
21,0.236,1931.44617,0.00488,0.111574,0.028639,171,152,96,96
22,0.247,1931.53992,0.00153,0.111578,0.028639,171,152,96,96
23,0.258,1931.74438,0.00142,0.111582,0.028639,171,152,96,96
24,0.27,1931.89819,0.00179,0.11159,0.028639,171,152,96,96
25,0.281,1932.01636,0.01665,0.11159,0.028639,171,152,96,96
26,0.293,1932.08093,0.0015,0.11159,0.028639,171,152,96,96
27,0.304,1932.19153,0.00146,0.111594,0.028639,171,152,96,96
28,0.315,1932.24927,0.00053,0.111594,0.028639,171,152,96,96
29,0.326,1932.35999,0.00063,0.111598,0.028639,171,152,96,96
30,0.337,1932.55347,0.05099,0.111582,0.028639,171,152,96,96
31,0.349,1932.71143,0.00114,0.111586,0.028639,171,152,96,96
32,0.36,1932.69507,0.00056,0.111586,0.028639,171,152,96,96
33,0.371,1932.73218,0.00071,0.111586,0.028639,171,152,96,96
34,0.382,1932.74353,0.00011,0.111586,0.028639,171,152,96,96
35,0.393,1932.78857,0.01784,0.111594,0.028639,171,152,96,96
36,0.405,1932.79639,0.00062,0.111594,0.028639,171,152,96,96
37,0.416,1932.80505,0.00035,0.111594,0.028639,171,152,96,96
38,0.428,1932.8269,0.00024,0.111594,0.028639,171,152,96,96
39,0.439,1932.84717,0.00022,0.111594,0.028639,171,152,96,96
40,0.45,1932.77368,0.00531,0.111594,0.028639,171,152,96,96
41,0.461,1932.77588,0.00028,0.111594,0.028639,171,152,96,96
42,0.472,1932.7738,3e-05,0.111594,0.028639,171,152,96,96
43,0.483,1932.77661,1e-05,0.111594,0.028639,171,152,96,96
44,0.494,1932.78076,1e-05,0.111594,0.028639,171,152,96,96
45,0.505,1932.72607,0.00149,0.111594,0.028639,171,152,96,96
46,0.516,1932.72607,0.0,0.111594,0.028639,171,152,96,96
47,0.527,1932.72607,0.0,0.111594,0.028639,171,152,96,96
48,0.538,1932.72607,0.0,0.111594,0.028639,171,152,96,96
49,0.549,1932.72607,0.0,0.111594,0.028639,171,152,96,96
50,0.56,1932.70422,0.00043,0.111594,0.028639,171,152,96,96
51,0.571,1932.70422,0.0,0.111594,0.028639,171,152,96,96
52,0.582,1932.70422,0.0,0.111594,0.028639,171,152,96,96
53,0.593,1932.70422,0.0,0.111594,0.028639,171,152,96,96
54,0.604,1932.70422,0.0,0.111594,0.028639,171,152,96,96
55,0.615,1932.71313,0.00023,0.111598,0.028639,171,152,96,96
56,0.626,1932.71313,0.0,0.111598,0.028639,171,152,96,96
57,0.637,1932.71313,0.0,0.111598,0.028639,171,152,96,96
58,0.648,1932.71313,0.0,0.111598,0.028639,171,152,96,96
59,0.659,1932.71313,0.0,0.111598,0.028639,171,152,96,96
60,0.671,1932.70728,5e-05,0.111598,0.028639,171,152,96,96
61,0.683,1932.70728,0.0,0.111598,0.028639,171,152,96,96
62,0.695,1932.70728,0.0,0.111598,0.028639,171,152,96,96
63,0.706,1932.70728,0.0,0.111598,0.028639,171,152,96,96
64,0.717,1932.70728,0.0,0.111598,0.028639,171,152,96,96
65,0.728,1932.70776,3e-05,0.111598,0.028639,171,152,96,96
66,0.739,1932.70776,0.0,0.111598,0.028639,171,152,96,96
67,0.75,1932.70776,0.0,0.111598,0.028639,171,152,96,96
68,0.762,1932.70776,0.0,0.111598,0.028639,171,152,96,96
69,0.773,1932.70776,0.0,0.111598,0.028639,171,152,96,96
70,0.785,1932.70764,1e-05,0.111598,0.028639,171,152,96,96
71,0.796,1932.70764,0.0,0.111598,0.028639,171,152,96,96
72,0.807,1932.70764,0.0,0.111598,0.028639,171,152,96,96
73,0.818,1932.70764,0.0,0.111598,0.028639,171,152,96,96
74,0.829,1932.70764,0.0,0.111598,0.028639,171,152,96,96
75,0.84,1932.70276,4e-05,0.111598,0.028639,171,152,96,96
76,0.852,1932.70276,0.0,0.111598,0.028639,171,152,96,96
77,0.864,1932.70276,0.0,0.111598,0.028639,171,152,96,96
78,0.878,1932.70276,0.0,0.111598,0.028639,171,152,96,96
79,0.889,1932.70276,0.0,0.111598,0.028639,171,152,96,96
80,0.9,1932.69482,0.27989,0.111631,0.028639,171,152,96,96
81,0.911,636.57031,7.27914,0.093775,0.027012,172,153,95,95
82,0.923,428.82013,4.71838,0.083153,0.025105,172,153,94,94
83,0.934,141.81406,11.35575,0.043783,0.019815,175,156,90,89
84,0.945,62.35818,8.31354,0.021944,0.00644,179,159,25,83
85,0.956,56.82972,2.4475,0.01282,0.004696,181,160,18,80
86,0.967,24.91698,7.77354,0.0,0.0,0,0,591,418
87,0.978,14.65113,4.78474,0.0,0.0,0,0,591,418
88,0.989,13.44175,2.12221,0.0,0.0,0,0,591,418
89,1.0,8.29061,4.92554,4e-06,4e-06,517,43,1,1
90,1.011,5.93896,3.16498,8.9e-05,6.5e-05,519,43,6,5
91,1.022,5.51564,2.01804,0.000134,8.9e-05,531,44,8,7
92,1.033,4.05376,3.97615,0.000417,0.000291,502,46,12,8
93,1.045,3.38171,2.52252,0.000401,0.000263,502,47,11,7
94,1.056,3.2249,2.06209,0.000441,0.000364,496,48,18,7
95,1.068,2.65149,3.84548,0.000494,0.000417,493,48,21,8
96,1.079,2.33052,2.55641,0.000506,0.000441,494,49,19,8
97,1.09,2.07677,3.80262,0.000571,0.000304,502,49,12,8
98,1.101,2.0286,2.16327,0.000579,0.0003,502,49,12,8
99,1.112,1.91709,2.37834,0.000603,0.0003,502,49,12,8
100,1.123,1.84534,2.19477,0.000943,0.000449,493,49,21,8
101,1.135,1.75488,3.56898,0.003595,0.001712,483,146,16,48
102,1.145,1.70118,2.2093,0.006469,0.002623,478,146,20,47
103,1.156,1.68346,1.97788,0.012107,0.007424,456,146,42,75
104,1.167,1.6337,3.18141,0.028947,0.011342,454,146,43,77
105,1.178,1.57649,1.81522,0.033833,0.012852,454,145,43,78
106,1.189,1.56057,1.63938,0.037666,0.013925,348,70,95,43
107,1.2,1.54021,2.47754,0.041095,0.01571,347,70,95,43
108,1.211,1.54001,1.2362,0.041807,0.015795,346,70,96,43
109,1.222,1.52649,1.24115,0.042313,0.015937,345,70,97,43
110,1.233,1.49024,1.86756,0.043414,0.016289,344,69,97,44
111,1.244,1.48959,0.79573,0.04373,0.01624,344,69,97,44
112,1.256,1.48913,0.78513,0.044066,0.016455,343,69,98,44
113,1.268,1.48917,1.13097,0.045054,0.016621,343,69,98,44
114,1.278,1.48909,0.50091,0.047102,0.016674,342,68,99,45
115,1.289,1.481,0.53202,0.048851,0.016617,342,69,99,44
116,1.301,1.48074,0.70581,0.049879,0.016957,342,68,99,45
117,1.312,1.48075,0.37276,0.050179,0.017054,342,68,99,45
118,1.324,1.48075,0.52287,0.050328,0.017208,342,68,99,45
119,1.335,1.48075,0.23609,0.050409,0.017208,342,68,99,45
120,1.346,1.47829,0.26904,0.050373,0.017208,342,68,99,45
121,1.357,1.47818,0.46264,0.050701,0.017167,342,68,99,45
122,1.368,1.47818,0.20725,0.050652,0.01705,342,68,99,45
123,1.379,1.47818,0.19758,0.05062,0.01705,342,68,99,45
124,1.39,1.47818,0.10109,0.050612,0.01705,342,68,99,45
125,1.401,1.47659,0.29957,0.05081,0.01705,342,68,99,45
126,1.412,1.47656,0.09062,0.050794,0.01705,342,68,99,45
127,1.423,1.47656,0.28188,0.050859,0.01707,342,68,100,45
128,1.435,1.47656,0.12901,0.050846,0.01707,342,68,100,45
129,1.446,1.47656,0.04605,0.050794,0.01707,342,68,100,45
130,1.457,1.47523,0.16903,0.050842,0.01707,342,68,100,45
131,1.468,1.47521,0.08962,0.050887,0.01707,342,68,100,45
132,1.479,1.47516,0.04554,0.050911,0.01707,342,68,100,45
133,1.49,1.47516,0.08456,0.050944,0.01707,342,68,100,45
134,1.501,1.69041,1.24377,0.050915,0.01707,342,68,100,45
135,1.512,1.85029,5.3254,0.047879,0.016301,345,67,97,44
136,1.523,2.85813,10.982,0.004562,0.001421,483,155,16,36
137,1.534,4.26076,7.00907,2e-05,4e-06,517,44,1,1
138,1.545,4.79045,5.49644,0.0,0.0,0,0,591,418
139,1.556,8.35737,8.78369,0.0,0.0,0,0,591,418
140,1.567,13.28911,5.45613,0.0,0.0,0,0,591,418
141,1.578,14.5204,3.09401,2e-05,8e-06,506,41,2,1
142,1.589,26.14062,6.73423,0.000182,0.000117,504,32,9,7
143,1.6,41.45864,4.78926,0.010213,0.003967,182,162,17,77
144,1.611,43.94938,1.86606,0.015597,0.00521,180,160,21,80
145,1.622,67.23943,4.57,0.026316,0.014556,178,158,85,85
146,1.633,112.42477,5.45565,0.041014,0.019386,176,156,89,89
147,1.644,116.79333,1.19928,0.044001,0.019936,175,156,90,89
148,1.655,177.47549,4.7036,0.058149,0.022219,174,155,92,91
149,1.666,268.93182,4.0647,0.071038,0.02396,173,154,93,93
150,1.677,274.91962,0.81992,0.072851,0.024268,173,154,93,93
151,1.688,396.43518,4.26689,0.083437,0.025417,172,153,94,94
152,1.699,796.78326,5.5886,0.098001,0.027397,172,153,95,95
153,1.71,931.62891,1.24034,0.100535,0.027749,172,153,95,95
154,1.721,1232.0354,2.0136,0.105174,0.028028,171,152,96,96
155,1.733,1929.7373,2.95805,0.111639,0.028643,171,152,96,96
156,1.744,1930.51611,0.07614,0.111594,0.028643,171,152,96,96
157,1.755,1930.14246,0.03536,0.111618,0.028643,171,152,96,96
158,1.766,1931.25928,0.03886,0.111671,0.028643,171,152,96,96
159,1.777,1931.14722,0.01888,0.111695,0.028643,171,152,96,96
160,1.789,1932.04224,0.11884,0.111691,0.028643,171,152,96,96
161,1.8,1932.87634,0.0112,0.111647,0.028643,171,152,96,96
162,1.811,1932.36401,0.00946,0.111647,0.028643,171,152,96,96
163,1.822,1932.4126,0.00618,0.111647,0.028643,171,152,96,96
164,1.833,1932.4126,0.00773,0.111643,0.028643,171,152,96,96
165,1.845,1932.4447,0.0399,0.111647,0.028639,171,152,96,96
166,1.857,1932.44556,0.00816,0.111643,0.028639,171,152,96,96
167,1.868,1932.44556,0.00152,0.111643,0.028639,171,152,96,96
168,1.879,1932.44556,0.00174,0.111643,0.028639,171,152,96,96
169,1.89,1932.44556,0.00262,0.111655,0.028639,171,152,96,96
170,1.901,1932.48853,0.01526,0.111659,0.028639,171,152,96,96
171,1.912,1932.46228,0.00107,0.111659,0.028639,171,152,96,96
172,1.923,1932.46228,0.00128,0.111663,0.028639,171,152,96,96
173,1.934,1932.46228,0.00054,0.111663,0.028639,171,152,96,96
174,1.945,1932.46228,0.00044,0.111663,0.028639,171,152,96,96
175,1.956,1932.31714,0.00837,0.111675,0.028639,171,152,96,96
176,1.967,1932.31909,0.02683,0.111655,0.028639,171,152,96,96
177,1.979,1628.85083,1.15866,0.109028,0.02849,171,152,96,96
178,1.991,1092.42542,2.92781,0.103199,0.028004,171,152,96,96
179,2.002,801.4541,2.20571,0.098102,0.027376,172,153,95,95
180,2.013,635.14917,1.74469,0.093633,0.026943,172,153,95,95
181,2.024,634.94531,0.06624,0.093601,0.026939,172,153,95,95
182,2.035,634.90466,0.00761,0.093605,0.026939,172,153,95,95
183,2.047,784.83051,1.45735,0.097661,0.02736,172,153,95,95
184,2.058,801.68408,0.45257,0.098155,0.027413,172,153,95,95
185,2.069,936.98865,1.15405,0.100693,0.027753,171,153,96,95
186,2.08,1151.11462,1.49806,0.10413,0.027959,171,152,96,96
187,2.091,1928.66382,3.31492,0.111521,0.028643,171,152,96,96
188,2.102,1929.77515,0.10298,0.111525,0.028639,171,152,96,96
189,2.113,1929.40747,0.04336,0.111562,0.028639,171,152,96,96
190,2.124,1930.64453,0.13606,0.111631,0.028639,171,152,96,96
191,2.135,1930.87329,0.01601,0.111631,0.028639,171,152,96,96
192,2.146,1930.59485,0.01215,0.111643,0.028639,171,152,96,96
193,2.158,1930.76477,0.01429,0.111651,0.028639,171,152,96,96
194,2.169,1930.70435,0.00665,0.111635,0.028639,171,152,96,96
195,2.18,1931.13477,0.06256,0.111594,0.028639,171,152,96,96
196,2.191,1931.08765,0.00628,0.111598,0.028639,171,152,96,96
197,2.202,1931.11487,0.00463,0.111598,0.028639,171,152,96,96
198,2.213,1931.10889,0.00653,0.111598,0.028639,171,152,96,96
199,2.224,1931.10889,0.00265,0.111598,0.028639,171,152,96,96
200,2.235,1931.02588,0.02086,0.111594,0.028639,171,152,96,96
201,2.246,1931.01575,0.00275,0.111594,0.028639,171,152,96,96
202,2.257,1931.01575,0.00543,0.11159,0.028639,171,152,96,96
203,2.268,1931.01575,0.00089,0.111586,0.028639,171,152,96,96
204,2.28,1931.01575,0.00271,0.111598,0.028639,171,152,96,96
205,2.291,1931.15869,0.00947,0.111602,0.028639,171,152,96,96
206,2.302,1931.15674,0.00111,0.111602,0.028639,171,152,96,96
207,2.314,1931.15674,0.00152,0.111602,0.028639,171,152,96,96
208,2.325,1931.15674,0.00052,0.111602,0.028639,171,152,96,96
209,2.336,1931.15674,0.00063,0.111602,0.028639,171,152,96,96
210,2.347,1931.12537,0.00415,0.111614,0.028639,171,152,96,96
211,2.358,1931.36646,0.00225,0.11161,0.028639,171,152,96,96
212,2.369,1931.36646,0.00016,0.11161,0.028639,171,152,96,96
213,2.38,1931.36646,0.00681,0.111614,0.028639,171,152,96,96
214,2.391,1931.36646,0.00891,0.111614,0.028639,171,152,96,96
215,2.402,1931.38013,0.01181,0.111614,0.028639,171,152,96,96
216,2.413,1931.38013,0.02629,0.111614,0.028639,171,152,96,96
217,2.424,1931.38013,0.01787,0.111614,0.028639,171,152,96,96
218,2.435,1931.38013,0.01572,0.111614,0.028639,171,152,96,96
219,2.446,1931.38013,0.03188,0.111614,0.028639,171,152,96,96
220,2.457,1931.37329,0.01998,0.111614,0.028639,171,152,96,96
221,2.468,1931.37329,0.01616,0.111614,0.028639,171,152,96,96
222,2.479,1931.37329,0.01168,0.111614,0.028639,171,152,96,96
223,2.49,1931.37329,0.02376,0.111614,0.028639,171,152,96,96
224,2.501,1931.37329,0.00799,0.111614,0.028639,171,152,96,96
225,2.512,1931.37817,0.00639,0.111614,0.028639,171,152,96,96
226,2.523,1931.37817,0.0005,0.111614,0.028639,171,152,96,96
227,2.535,1931.37817,5e-05,0.111614,0.028639,171,152,96,96
228,2.546,1931.37817,0.0,0.111614,0.028639,171,152,96,96
229,2.557,1931.37817,0.0,0.111614,0.028639,171,152,96,96
230,2.568,1931.38293,0.00088,0.111614,0.028639,171,152,96,96
231,2.579,1931.38293,0.0,0.111614,0.028639,171,152,96,96
232,2.59,1931.38293,0.0,0.111614,0.028639,171,152,96,96
233,2.601,1931.38293,0.0,0.111614,0.028639,171,152,96,96
234,2.612,1931.38293,0.0,0.111614,0.028639,171,152,96,96
235,2.623,1931.38257,0.00014,0.111614,0.028639,171,152,96,96
236,2.635,1931.38257,0.0,0.111614,0.028639,171,152,96,96
237,2.646,1931.38257,0.30135,0.111602,0.028639,171,152,96,96
238,2.657,392.80667,11.44444,0.082963,0.025328,172,153,94,94
239,2.668,339.45636,3.19018,0.075664,0.024478,173,154,93,93
240,2.68,105.51755,10.93632,0.039508,0.019029,176,156,89,89
241,2.691,47.23295,9.07674,0.013597,0.004862,181,161,20,79
242,2.702,43.23215,2.32585,0.0,0.0,0,0,591,418
243,2.713,20.05055,7.44931,0.0,0.0,0,0,591,418
244,2.724,12.1004,4.56132,0.0,0.0,0,0,591,418
245,2.735,11.12568,2.08196,8e-06,4e-06,539,37,1,1
246,2.746,6.96671,5.00562,0.00019,0.000166,504,40,10,7
247,2.758,5.08055,3.19341,0.000344,0.000267,503,41,11,7
248,2.769,4.78147,2.0457,0.000409,0.000296,502,41,12,8
249,2.78,3.61967,4.25371,0.000433,0.000417,494,43,19,7
250,2.791,3.04574,2.70855,0.00047,0.000417,493,43,21,8
251,2.802,2.90694,2.37195,0.000551,0.000304,502,44,12,8
252,2.813,2.47721,4.21108,0.000579,0.000304,502,45,12,8
253,2.824,2.23847,2.62997,0.000551,0.000441,493,45,21,8
254,2.835,2.16007,2.50943,0.000534,0.000449,493,46,20,8
255,2.846,1.94824,2.6588,0.000587,0.0003,502,46,12,8
256,2.857,1.84289,3.97711,0.001498,0.000721,489,161,11,21
257,2.869,1.8009,2.32601,0.003226,0.001724,484,143,15,54
258,2.88,1.70364,3.7738,0.013038,0.007634,456,144,42,75
259,2.891,1.65552,2.11503,0.020191,0.009982,455,144,43,76
260,2.902,1.6125,2.02202,0.030465,0.011565,455,144,42,77
261,2.913,1.60053,3.01421,0.03952,0.015411,347,69,96,43
262,2.924,1.56765,1.67864,0.040301,0.01539,347,69,95,43
263,2.935,1.56491,1.44428,0.04156,0.016083,346,69,96,44
264,2.946,1.53688,2.31412,0.042617,0.016261,345,69,97,44
265,2.957,1.49463,1.20924,0.042929,0.01622,344,69,97,44
266,2.968,1.49307,0.91557,0.043447,0.016277,344,69,97,44
267,2.98,1.49288,1.4488,0.044155,0.016564,343,69,98,44
268,2.991,1.49268,0.67548,0.044633,0.016641,343,69,98,44
269,3.002,1.49268,0.56931,0.045058,0.016609,342,69,99,44
270,3.014,1.50671,1.16128,0.048944,0.016799,342,68,99,45
271,3.025,1.49451,0.43064,0.049745,0.016844,342,68,99,45
272,3.036,1.49325,0.3209,0.049903,0.016941,342,68,99,45
273,3.047,1.49327,0.60122,0.050247,0.017204,342,68,99,45
274,3.058,1.49323,0.26301,0.050336,0.017204,342,68,99,45
275,3.069,1.48967,0.23059,0.050482,0.017204,342,68,99,45
276,3.08,1.48978,0.51347,0.050413,0.017167,342,68,99,45
277,3.092,1.48978,0.23018,0.050417,0.017046,342,68,99,45
278,3.104,1.48978,0.34854,0.05062,0.017046,342,68,99,45
279,3.115,1.48978,0.11369,0.050595,0.017046,342,68,99,45
280,3.126,1.48768,0.15674,0.050535,0.01705,342,68,99,45
281,3.137,1.4879,0.24307,0.050782,0.01705,342,68,99,45
282,3.148,1.4879,0.17169,0.050927,0.01707,342,68,100,45
283,3.159,1.4879,0.1133,0.050859,0.01707,342,68,100,45
284,3.17,1.4879,0.17102,0.050802,0.01707,342,68,100,45
285,3.181,1.68715,1.23678,0.050765,0.017095,342,68,100,45
286,3.192,1.87853,5.27392,0.048021,0.016305,345,67,97,44
287,3.203,2.86608,10.96845,0.004186,0.001425,485,155,14,35
288,3.214,4.2572,7.02082,1.6e-05,4e-06,364,64,1,1
289,3.225,4.78882,5.51877,0.0,0.0,0,0,591,418
290,3.236,8.3444,8.78574,0.0,0.0,0,0,591,418
291,3.247,13.3083,5.45139,4e-06,4e-06,521,42,1,1
292,3.258,14.52068,3.08953,8e-06,4e-06,507,41,1,1
293,3.269,24.28815,5.26787,9.3e-05,7.7e-05,508,34,6,7
294,3.28,41.47242,6.21101,0.01014,0.003971,181,162,18,77
295,3.291,43.94574,1.8691,0.015536,0.005153,181,161,21,79
296,3.303,70.47522,5.50118,0.029538,0.01601,178,157,86,86
297,3.314,112.43722,4.62255,0.041091,0.019406,176,156,89,89
298,3.325,116.72549,1.20234,0.044042,0.019973,175,156,90,89
299,3.336,177.42012,4.70689,0.058117,0.022223,174,155,92,91
300,3.347,269.00806,4.08005,0.071135,0.023984,173,154,93,93
301,3.358,274.73666,0.79783,0.072839,0.024219,173,154,93,93
302,3.369,548.25549,6.84663,0.089549,0.026498,172,153,95,94
303,3.38,794.1759,2.86038,0.097876,0.027401,172,153,95,95
304,3.391,931.65515,1.27076,0.100559,0.027753,171,153,96,95
305,3.402,1232.67041,2.05144,0.105251,0.028032,171,152,96,96
306,3.413,1929.12598,2.90685,0.111509,0.028635,171,152,96,96
307,3.424,1929.58179,0.09553,0.111529,0.028635,171,152,96,96
308,3.435,1930.11035,0.04406,0.111562,0.028635,171,152,96,96
309,3.446,1930.59485,0.04532,0.111635,0.028635,171,152,96,96
310,3.457,1931.58252,0.1463,0.111703,0.028635,171,152,96,96
311,3.469,1931.21704,0.01672,0.11172,0.028635,171,152,96,96
312,3.48,1931.30371,0.01887,0.111643,0.028635,171,152,96,96
313,3.491,1932.08496,0.01138,0.111627,0.028635,171,152,96,96
314,3.502,1931.98938,0.01123,0.111623,0.028635,171,152,96,96
315,3.513,1932.39294,0.05228,0.111614,0.028635,171,152,96,96
316,3.524,1932.33057,0.00473,0.111614,0.028635,171,152,96,96
317,3.535,1932.33057,0.00434,0.111614,0.028635,171,152,96,96
318,3.546,1932.33057,0.00446,0.111618,0.028635,171,152,96,96
319,3.557,1932.33057,0.00118,0.111623,0.028635,171,152,96,96
320,3.568,1932.32446,0.01983,0.111631,0.028635,171,152,96,96
321,3.579,1932.34766,0.00298,0.111627,0.028635,171,152,96,96
322,3.59,1932.34766,0.0009,0.111631,0.028635,171,152,96,96
323,3.601,1932.34766,0.00073,0.111631,0.028635,171,152,96,96
324,3.612,1932.34766,0.00129,0.111635,0.028635,171,152,96,96
325,3.623,1932.23425,0.00783,0.111627,0.028635,171,152,96,96
326,3.634,1932.22046,0.00205,0.111627,0.028635,171,152,96,96
327,3.645,1932.22046,0.00072,0.111627,0.028635,171,152,96,96
328,3.656,1932.22046,0.00693,0.111627,0.028635,171,152,96,96
329,3.667,1932.22046,0.00876,0.111627,0.028635,171,152,96,96
330,3.679,1932.14551,0.02336,0.111631,0.028635,171,152,96,96
331,3.69,1932.14551,0.01555,0.111631,0.028635,171,152,96,96
332,3.701,1932.14551,0.01687,0.111631,0.028635,171,152,96,96
333,3.713,1932.14551,0.01623,0.111631,0.028635,171,152,96,96
334,3.724,1932.14551,0.17066,0.111687,0.028635,171,152,96,96
335,3.735,1932.12354,0.15837,0.111647,0.028635,171,152,96,96
336,3.746,1932.12354,0.03298,0.111635,0.028635,171,152,96,96
337,3.757,1932.12354,0.01387,0.111635,0.028635,171,152,96,96
338,3.768,1932.12354,0.01185,0.111635,0.028635,171,152,96,96
339,3.779,1932.12354,0.01402,0.111635,0.028635,171,152,96,96
340,3.79,993.42108,3.38121,0.103713,0.027805,171,152,96,96
341,3.801,81.88853,26.54293,0.042884,0.020203,177,157,88,87
342,3.812,27.20998,15.84155,0.011873,0.004445,186,164,23,73
343,3.823,27.15814,0.28002,0.011861,0.004441,186,164,23,73
344,3.834,22.36222,9.88121,0.000648,0.000251,504,21,9,7
345,3.845,60.98994,9.74836,0.016212,0.01539,2,95,40,97
346,3.856,91.97588,3.0286,0.026935,0.02634,2,95,68,97
347,3.867,119.94644,6.20464,0.036764,0.036075,2,95,93,97
348,3.878,184.18433,7.48756,0.052704,0.052057,2,94,134,98
349,3.889,225.5744,4.45315,0.058457,0.058149,2,94,151,98
350,3.901,256.64081,6.04485,0.063954,0.063901,2,94,166,98
351,3.912,328.95554,8.38161,0.07496,0.072527,2,94,190,98
352,3.923,371.11823,5.27066,0.078996,0.075741,2,94,199,98
353,3.935,466.7435,8.54965,0.084056,0.080765,4,94,212,98
354,3.946,502.71161,6.6575,0.085748,0.080688,10,94,212,98
355,3.957,530.38281,6.05093,0.087776,0.080494,15,94,213,98
356,3.969,591.47058,7.94573,0.091557,0.080761,23,94,212,98
357,3.98,613.10364,5.55889,0.092565,0.080822,26,94,212,98
358,3.991,637.28601,5.32018,0.093427,0.080599,29,94,212,98
359,4.002,666.89032,6.71697,0.095143,0.080943,33,94,212,98
360,4.013,677.36743,4.73577,0.095665,0.080688,34,94,212,98
361,4.024,681.30908,4.11782,0.09554,0.08068,35,94,213,98
362,4.035,692.03699,5.34885,0.095771,0.080708,37,94,212,98
363,4.046,697.87555,3.17739,0.095848,0.080923,38,94,212,98
364,4.057,703.11023,2.85859,0.095844,0.080765,38,94,212,98
365,4.068,705.71228,3.72811,0.095763,0.080749,39,94,212,98
366,4.079,704.73499,1.99623,0.095835,0.080741,39,94,212,98
367,4.09,708.83746,1.73685,0.095925,0.080838,39,94,212,98
368,4.101,704.43823,2.35608,0.095759,0.08087,39,94,212,98
369,4.112,707.38281,0.98605,0.095807,0.080753,39,94,213,98
370,4.123,705.82098,1.18316,0.095759,0.080793,39,94,213,98
371,4.135,710.67133,1.24225,0.0959,0.080858,39,94,212,98
372,4.146,710.52917,0.5821,0.095819,0.080858,39,94,212,98
373,4.157,708.33923,0.51394,0.095937,0.080797,39,94,212,98
374,4.168,709.89795,0.33234,0.095823,0.080838,39,94,212,98
375,4.179,713.31537,0.62969,0.095876,0.080858,39,94,212,98
376,4.19,711.78113,0.19648,0.095856,0.080862,39,94,212,98
377,4.201,710.22852,0.19518,0.09601,0.080728,39,94,212,98
378,4.212,718.5376,0.38322,0.095884,0.080809,39,94,212,98
379,4.223,718.13214,0.08818,0.095791,0.080809,39,94,212,98
380,4.235,706.79407,3.62203,0.095892,0.080761,37,94,212,98
381,4.246,698.078,4.47523,0.095953,0.080684,34,94,212,98
382,4.257,689.87726,5.21393,0.095908,0.080826,30,94,212,98
383,4.268,622.64581,9.72002,0.095856,0.080813,18,94,212,98
384,4.279,580.59473,8.53467,0.095661,0.080615,10,94,212,98
385,4.29,527.71893,8.05545,0.095605,0.080417,2,94,211,98
386,4.301,396.0304,11.32203,0.082765,0.070297,2,94,187,98
387,4.312,303.23724,10.14315,0.072653,0.063921,2,95,171,97
388,4.323,226.26028,7.18406,0.061918,0.056376,2,95,154,97
389,4.334,141.69618,12.15113,0.014609,0.012342,2,125,120,67
390,4.345,111.05174,8.17129,0.0061,0.005003,68,151,37,41
391,4.357,88.06978,3.7407,0.002044,0.001384,74,160,14,31
392,4.368,44.5519,10.23178,0.00064,0.000251,504,21,9,7
393,4.379,36.83322,6.99815,0.00064,0.000251,504,21,9,7
394,4.39,23.90927,1.50416,0.000644,0.000251,504,21,9,7
395,4.401,38.2522,7.81208,0.004841,0.002137,246,187,15,51
396,4.412,60.16766,5.6334,0.013439,0.004902,230,160,33,82
397,4.423,60.15565,0.09674,0.013387,0.004886,230,160,33,82
398,4.434,85.57077,5.43694,0.031372,0.016269,178,157,87,87
399,4.445,125.60577,4.87769,0.040957,0.018552,176,156,89,89
400,4.456,125.60826,0.12904,0.040998,0.018564,176,156,89,89
401,4.468,195.71085,5.26357,0.059493,0.022037,174,155,92,91
402,4.479,270.69647,4.1982,0.070426,0.023385,174,154,92,93
403,4.49,270.51703,0.07335,0.070406,0.023389,174,154,92,93
404,4.501,423.03168,6.29103,0.083748,0.025344,173,153,94,94
405,4.513,586.31396,3.36966,0.091152,0.026551,172,153,95,95
406,4.524,687.86511,1.26348,0.093779,0.027008,172,153,95,95
407,4.535,1085.36621,3.51058,0.103118,0.027886,171,153,96,95
408,4.546,1374.16467,1.71716,0.106672,0.028141,171,152,96,96
409,4.557,1381.23145,0.1294,0.106797,0.028141,171,152,96,96
410,4.568,1593.1344,1.11962,0.108809,0.028502,171,152,96,96
411,4.579,1601.42383,0.13281,0.108971,0.028506,171,152,96,96
412,4.59,1787.99182,0.75516,0.110299,0.028542,171,152,96,96
413,4.601,1791.46313,0.06315,0.110364,0.028542,171,152,96,96
414,4.612,1791.82129,0.03114,0.110368,0.028542,171,152,96,96
415,4.624,1916.05566,0.4948,0.111278,0.028623,171,152,96,96
416,4.635,1923.47034,0.16368,0.111586,0.028647,171,152,96,96
417,4.646,1923.7915,0.02672,0.11161,0.028647,171,152,96,96
418,4.657,1924.38586,0.01564,0.111627,0.028647,171,152,96,96
419,4.668,1924.49902,0.01023,0.111631,0.028647,171,152,96,96
420,4.679,1927.81958,0.09689,0.111655,0.028639,171,152,96,96
421,4.69,1927.45447,0.22494,0.111768,0.028639,171,152,96,96
422,4.701,1928.16272,0.10404,0.111716,0.028639,171,152,96,96
423,4.713,1928.13867,0.13866,0.111679,0.028639,171,152,96,96
424,4.724,1928.07446,0.00785,0.111675,0.028639,171,152,96,96
425,4.735,1928.45947,0.04874,0.111655,0.028639,171,152,96,96
426,4.746,1928.43945,0.002,0.111655,0.028639,171,152,96,96
427,4.757,1928.43945,0.00015,0.111655,0.028639,171,152,96,96
428,4.768,883.0564,4.42754,0.101527,0.027704,171,153,96,95
429,4.779,75.73582,27.46132,0.040399,0.019471,178,157,88,87
430,4.79,75.71851,0.15421,0.040411,0.019459,178,157,88,87
431,4.801,25.76094,16.2304,0.008051,0.003226,188,166,17,68
432,4.812,24.61449,11.66403,0.012873,0.011816,2,95,31,97
433,4.823,88.17426,2.97301,0.023401,0.022806,2,95,59,97
434,4.835,146.35097,9.11793,0.042054,0.041508,2,95,108,97
435,4.846,179.22012,6.67693,0.04998,0.04928,2,94,127,98
436,4.858,199.96579,4.14951,0.056149,0.055777,2,94,145,98
437,4.869,270.85544,8.66953,0.066557,0.066196,2,94,173,98
438,4.88,297.2829,6.18428,0.071944,0.070386,2,94,184,98
439,4.891,340.0556,5.06501,0.076851,0.074134,2,94,194,98
440,4.902,439.84329,8.54997,0.08404,0.080097,2,94,211,98
441,4.913,487.66916,6.70673,0.084481,0.080676,7,94,212,98
442,4.924,507.54553,6.07209,0.085995,0.080769,12,94,212,98
443,4.935,567.64954,8.37918,0.089994,0.080789,21,94,212,98
444,4.946,602.66772,5.96772,0.091528,0.080757,24,94,212,98
445,4.957,624.25635,5.47897,0.092731,0.080716,27,94,212,98
446,4.969,656.61731,6.83681,0.094358,0.080708,31,94,212,98
447,4.98,672.41125,4.80265,0.09524,0.080955,33,94,212,98
448,4.991,690.979,5.93255,0.095795,0.080818,35,94,212,98
449,5.002,691.89233,3.73953,0.095807,0.080753,36,94,212,98
450,5.013,694.86218,3.73858,0.095726,0.080571,37,94,212,98
451,5.024,701.81006,3.12172,0.095827,0.080741,38,94,212,98
452,5.036,700.90698,3.95123,0.095738,0.080773,38,94,212,98
453,5.048,706.90686,2.2632,0.095759,0.080842,39,94,212,98
454,5.059,710.33112,2.94207,0.095807,0.080797,39,94,212,98
455,5.07,710.45032,1.48031,0.096026,0.080733,39,94,212,98
456,5.081,713.72668,1.30241,0.095969,0.080911,39,94,212,98
457,5.092,710.41254,1.67146,0.095957,0.080846,39,94,212,98
458,5.103,714.76495,0.77366,0.09601,0.080907,39,94,212,98
459,5.115,717.32715,0.69913,0.095916,0.080898,39,94,212,98
460,5.126,714.49609,1.00498,0.095961,0.08083,39,94,212,98
461,5.137,712.87396,0.31196,0.095795,0.080781,39,94,212,98
462,5.149,711.87354,1.4778,0.095973,0.080777,39,94,212,98
463,5.16,710.70825,3.07121,0.095945,0.080975,37,94,212,98
464,5.171,704.00598,4.16285,0.096062,0.080854,34,94,212,98
465,5.182,670.35767,7.78496,0.095763,0.080903,27,94,212,98
466,5.193,642.48199,5.91912,0.09588,0.080765,22,94,212,98
467,5.204,606.09143,7.26406,0.09556,0.080583,16,94,212,98
468,5.215,566.91199,6.96837,0.095516,0.080611,8,94,213,98
469,5.226,481.88483,10.5591,0.092128,0.077138,2,94,202,98
470,5.238,442.92053,7.61773,0.08695,0.073211,2,94,192,98
471,5.249,275.30057,12.81866,0.06958,0.061209,2,95,164,97
472,5.26,212.81602,6.81422,0.059234,0.054498,2,95,148,97
473,5.271,173.73909,9.06872,0.045863,0.043945,2,95,131,97
474,5.282,105.7603,11.2626,0.00542,0.0044,66,147,34,45
475,5.293,85.21933,3.72283,0.001571,0.000931,72,157,11,34
476,5.304,58.65288,7.57761,0.00064,0.000251,504,21,9,7
477,5.315,41.60642,2.85794,0.00064,0.000251,504,21,9,7
478,5.326,26.97598,8.92161,0.000636,0.000251,504,21,9,7
479,5.337,39.14658,6.13868,0.0017,0.000741,252,206,8,30
480,5.348,39.13213,0.62578,0.001704,0.000741,252,206,8,30
481,5.359,67.45368,6.44179,0.021308,0.006319,221,159,43,83
482,5.37,86.38217,4.44519,0.027923,0.014763,178,158,86,86
483,5.381,86.34334,0.05551,0.027943,0.014767,178,158,86,86
484,5.392,139.65594,5.64057,0.04673,0.01996,176,156,89,89
485,5.403,203.84518,4.65971,0.058477,0.021754,174,155,92,91
486,5.414,203.75192,0.06097,0.058521,0.021754,174,155,92,91
487,5.425,278.01538,4.35171,0.072645,0.02383,173,154,93,93
488,5.436,377.82318,4.62875,0.081404,0.024972,173,154,93,93
489,5.447,497.30078,2.85095,0.086112,0.025741,172,153,95,94
490,5.458,853.21912,4.41078,0.098094,0.027425,172,153,95,95
491,5.47,908.89374,0.74722,0.09979,0.027635,172,153,95,95
492,5.482,1055.80273,1.15882,0.102187,0.027805,172,153,95,95
493,5.493,1389.76562,2.15567,0.106927,0.028133,171,152,96,96
494,5.504,1593.83655,1.06244,0.108708,0.028445,171,152,96,96
495,5.516,1782.32959,0.87502,0.110279,0.028538,171,152,96,96
496,5.527,1782.77417,0.04854,0.110287,0.028538,171,152,96,96
497,5.538,1784.66357,0.02534,0.110275,0.028538,171,152,96,96
498,5.549,1914.3855,0.44655,0.111339,0.028623,171,152,96,96
499,5.56,1915.98145,0.05227,0.111351,0.028623,171,152,96,96
500,5.571,1927.78394,0.26022,0.111631,0.028639,171,152,96,96
501,5.583,1927.89551,0.01768,0.111586,0.028639,171,152,96,96
502,5.595,1928.30396,0.00878,0.111586,0.028639,171,152,96,96
503,5.606,1928.40918,0.00526,0.111594,0.028639,171,152,96,96
504,5.617,1928.48486,0.00292,0.111594,0.028639,171,152,96,96
505,5.628,1929.14001,0.05984,0.111639,0.028639,171,152,96,96
506,5.639,1928.90308,0.00198,0.111643,0.028639,171,152,96,96
507,5.65,1928.91406,0.00234,0.111643,0.028639,171,152,96,96
508,5.661,1928.8396,0.00064,0.111643,0.028639,171,152,96,96
509,5.673,1928.8396,0.0,0.111643,0.028639,171,152,96,96
510,5.684,1929.03857,0.02426,0.111635,0.028639,171,152,96,96
511,5.695,1929.05554,0.00084,0.111635,0.028639,171,152,96,96
512,5.706,1929.05554,0.0,0.111635,0.028639,171,152,96,96
513,5.717,1929.05554,0.0,0.111635,0.028639,171,152,96,96
514,5.728,1929.05554,0.0,0.111635,0.028639,171,152,96,96
515,5.739,1929.30017,0.01084,0.111643,0.028643,171,152,96,96
516,5.75,1929.30957,0.00071,0.111643,0.028643,171,152,96,96
517,5.761,1929.30957,0.0,0.111643,0.028643,171,152,96,96
518,5.773,1929.30957,0.0,0.111643,0.028643,171,152,96,96
519,5.784,1929.30957,0.0,0.111643,0.028643,171,152,96,96
520,5.795,1929.2865,0.00412,0.111643,0.028643,171,152,96,96
521,5.806,1921.24976,0.17617,0.111242,0.028643,171,152,96,96
522,5.817,1921.16846,0.0133,0.111242,0.028643,171,152,96,96
523,5.828,1927.44543,0.16186,0.111651,0.028643,171,152,96,96
524,5.839,1770.22046,2.45219,0.110983,0.028571,171,152,96,96
525,5.85,969.67584,6.13207,0.102219,0.027866,172,153,95,144
526,5.862,314.59155,9.86538,0.074555,0.023296,173,154,93,145
527,5.873,226.19354,18.97518,0.103069,0.107255,62,156,235,180
528,5.884,359.33725,9.87402,0.119625,0.121937,104,158,214,185
529,5.895,389.04291,11.15482,0.145467,0.152547,125,161,213,189
530,5.906,578.86646,21.49053,0.21723,0.229807,110,134,265,227
531,5.917,645.5,14.06235,0.257491,0.272642,102,122,291,244
532,5.928,638.94977,14.13532,0.297926,0.314462,94,111,315,260
533,5.94,773.37787,24.74604,0.378452,0.398307,80,91,359,289
534,5.951,880.38074,14.1465,0.418668,0.439807,74,82,378,301
535,5.962,986.60004,14.23044,0.456484,0.479335,68,74,397,313
536,5.973,1084.32935,24.24595,0.526312,0.551195,57,60,429,332
537,5.985,1146.77808,13.68109,0.559736,0.584594,52,55,444,340
538,5.996,1182.98511,13.32548,0.588517,0.614165,48,50,457,347
539,6.007,1251.52075,12.97781,0.616828,0.64486,44,45,469,354
540,6.018,1250.24219,20.07346,0.668541,0.69516,36,36,490,366
541,6.029,1241.85913,11.68765,0.690622,0.718926,33,33,499,371
542,6.04,1278.3739,10.99329,0.711514,0.741894,30,30,508,375
543,6.051,1256.00806,16.57089,0.749395,0.779475,25,23,523,385
544,6.062,1261.57935,9.65646,0.7667,0.798047,22,22,530,387
545,6.073,1244.78271,13.84177,0.793028,0.825982,18,18,541,392
546,6.084,1240.64282,8.09463,0.80505,0.838826,17,16,545,395
547,6.095,1226.61304,7.35863,0.816631,0.852112,15,15,550,397
548,6.106,1239.89551,6.84882,0.826185,0.861904,14,13,553,399
549,6.117,1239.79053,10.57887,0.843599,0.879112,11,11,560,402
550,6.128,1226.53247,5.46028,0.851573,0.887268,10,10,563,404
551,6.139,1229.55396,5.12753,0.859876,0.894595,9,9,566,405
552,6.15,1222.69482,7.88971,0.872242,0.907419,8,7,570,408
553,6.161,1211.28516,3.9233,0.875323,0.911605,7,7,572,408
554,6.172,1214.91406,3.55171,0.880808,0.917677,6,6,574,409
555,6.183,1230.70386,5.84521,0.889734,0.925987,5,5,577,411
556,6.194,1232.15601,2.75871,0.893705,0.930561,5,4,578,412
557,6.205,1225.1084,2.24756,0.896882,0.933197,4,4,580,412
558,6.216,1227.15649,4.02293,0.900987,0.937686,4,3,581,413
559,6.227,1224.51685,1.64566,0.904144,0.940944,3,3,583,413
560,6.238,1216.09753,1.74175,0.906569,0.941738,3,3,583,413
561,6.249,1211.72852,2.64185,0.91016,0.945187,3,2,584,414
562,6.26,1207.20386,1.42176,0.911852,0.946409,2,2,585,414
563,6.272,1213.18164,0.94957,0.913645,0.948773,2,2,586,414
564,6.283,1219.67188,4.98443,0.916887,0.951032,2,2,587,414
565,6.294,1227.65308,0.64054,0.916948,0.950963,2,2,587,414
566,6.306,1231.06323,0.72654,0.919182,0.951105,2,2,587,414
567,6.317,1230.72095,1.00952,0.918887,0.951088,2,2,587,414
568,6.328,1229.01904,0.61735,0.918887,0.950914,2,2,587,414
569,6.34,1231.45398,1.85501,0.920101,0.952072,2,2,587,414
570,6.351,1230.0343,0.433,0.920437,0.951712,2,2,587,414
571,6.362,1228.59033,0.21057,0.920781,0.952206,2,2,587,414
572,6.373,1225.5874,0.44599,0.920879,0.951469,2,2,587,414
573,6.385,1221.31177,0.44298,0.920668,0.950744,2,2,587,414
574,6.396,1243.21631,0.9386,0.920992,0.95108,2,2,587,414
575,6.407,1244.46899,0.12273,0.921008,0.951218,2,2,587,414
576,6.418,1242.68933,0.10544,0.921053,0.951327,2,2,587,414
577,6.429,1242.04053,0.01247,0.92102,0.951323,2,2,587,414
578,6.44,1235.46216,8.85675,0.910431,0.946733,3,2,585,414
579,6.452,1222.42249,17.41274,0.873914,0.909285,10,6,573,406
580,6.463,1194.64661,38.6715,0.757896,0.789526,32,20,534,378
581,6.474,1277.18994,26.01256,0.687291,0.715092,47,29,508,360
582,6.485,1114.22803,26.10902,0.613217,0.640003,63,39,480,340
583,6.496,878.36707,24.5725,0.536747,0.559031,81,50,450,318
584,6.507,571.68774,35.64311,0.406889,0.42653,113,70,390,280
585,6.518,504.68082,17.4693,0.349966,0.367761,127,81,360,262
586,6.529,412.90857,15.54917,0.300347,0.315959,140,92,330,245
587,6.54,312.61444,22.62605,0.21642,0.229361,161,113,276,213
588,6.551,292.86847,11.04143,0.183781,0.195897,169,123,252,199
589,6.562,278.04709,10.06908,0.155822,0.166144,175,133,230,185
590,6.573,209.68835,13.80638,0.112347,0.120832,184,151,193,162
591,6.584,182.47498,6.86997,0.096329,0.103433,187,160,177,151
592,6.595,170.17131,5.84637,0.082449,0.088739,189,168,163,141
593,6.606,156.44765,8.41588,0.060562,0.065541,191,184,139,123
594,6.617,157.49133,4.44294,0.052522,0.056858,191,190,129,116
595,6.628,172.81714,4.09703,0.045204,0.049013,191,194,119,111
596,6.639,201.49634,6.76466,0.039565,0.0402,188,185,105,119
597,6.65,214.85719,3.53008,0.04018,0.038723,186,163,99,141
598,6.661,219.41119,3.57861,0.041228,0.036994,184,161,94,143
599,6.673,166.58595,5.39822,0.038784,0.031315,183,160,83,143
600,6.683,151.47116,3.05387,0.032274,0.018467,182,159,83,130
601,6.694,140.15706,2.81817,0.03599,0.019446,181,158,85,131
602,6.706,149.29227,5.11156,0.044491,0.018936,179,157,87,87
603,6.716,171.17279,2.36768,0.048835,0.019653,179,157,87,87
604,6.727,200.85678,2.3601,0.054741,0.02056,178,156,89,89
605,6.738,260.94122,4.37803,0.065553,0.022547,177,156,90,89
606,6.749,294.57947,2.12344,0.069431,0.022778,177,155,90,91
607,6.76,331.74866,2.00795,0.073325,0.023045,176,155,91,91
608,6.771,476.6492,4.42317,0.083558,0.024405,176,155,91,91
609,6.782,596.3656,2.32203,0.088545,0.024753,175,154,92,93
610,6.793,731.74988,2.22717,0.093099,0.025587,175,154,92,93
611,6.804,870.41937,2.01748,0.096236,0.025915,175,154,92,93
612,6.815,1157.0144,3.63946,0.100304,0.026704,174,154,93,93
613,6.826,1286.97009,1.8442,0.101988,0.026931,174,154,93,93
614,6.837,1395.71155,1.70218,0.102875,0.026939,174,154,93,93
615,6.848,1569.8988,2.77571,0.10413,0.027065,174,153,93,94
616,6.859,1618.27661,1.28042,0.104652,0.02685,174,153,93,94
617,6.87,1660.35962,1.1341,0.105041,0.026862,173,153,94,94
618,6.881,1708.30859,2.0225,0.106247,0.02749,173,153,94,94
619,6.893,1733.27698,0.90971,0.106818,0.027591,173,153,94,94
620,6.905,1771.21204,1.66368,0.107093,0.027619,173,153,94,95
621,6.915,1793.52466,0.86561,0.107396,0.027587,173,153,94,95
622,6.927,1813.12866,0.79859,0.107809,0.027611,173,153,94,95
623,6.938,1832.76685,1.44818,0.108263,0.027652,173,153,94,95
624,6.949,1836.75635,0.64303,0.108445,0.027668,172,153,95,95
625,6.96,1848.01074,0.72839,0.108647,0.027676,172,153,95,95
626,6.972,1840.2915,0.75225,0.108348,0.027838,172,153,95,95
627,6.983,1843.08569,1.0843,0.108927,0.02789,172,153,95,95
628,6.994,1847.88696,0.60471,0.108672,0.027947,172,153,95,95
629,7.005,1848.20386,0.9238,0.108838,0.028129,172,153,95,95
630,7.016,1861.83447,0.7386,0.109129,0.02823,172,153,95,95
631,7.027,1871.7644,0.471,0.109603,0.028303,172,153,95,95
632,7.039,1873.69946,0.86018,0.110032,0.028336,172,153,95,95
633,7.05,1879.41541,0.41617,0.110015,0.028344,172,153,95,95
634,7.061,1881.20251,0.29252,0.110117,0.028352,172,153,95,95
635,7.072,1878.09741,0.67801,0.110218,0.028307,172,153,95,95
636,7.083,1873.29541,0.2349,0.110327,0.02832,172,153,95,95
637,7.094,1868.73828,0.32959,0.110412,0.028255,172,153,95,95
638,7.106,1868.00903,0.46337,0.110339,0.028255,172,153,95,95
639,7.118,1873.16016,0.30747,0.110493,0.028263,172,153,95,95
640,7.129,1875.29639,0.2235,0.110469,0.028259,172,153,95,95
641,7.14,1874.95557,0.34241,0.110355,0.028255,172,152,95,96
642,7.151,1924.58801,2.82572,0.111088,0.028643,171,152,96,96
643,7.162,1924.90588,0.18913,0.111068,0.028643,171,152,96,96
644,7.173,1924.4834,0.01577,0.111076,0.028643,171,152,96,96
645,7.185,1925.07788,0.05286,0.111076,0.028639,171,152,96,96
646,7.196,1924.94739,0.00745,0.111072,0.028639,171,152,96,96
647,7.207,1925.16138,0.00191,0.11108,0.028639,171,152,96,96
648,7.218,1925.27148,0.00373,0.11108,0.028639,171,152,96,96
649,7.229,1925.74756,0.00417,0.11108,0.028639,171,152,96,96
650,7.24,1925.09009,0.02964,0.1111,0.028639,171,152,96,96
651,7.251,1925.03735,0.00122,0.1111,0.028639,171,152,96,96
652,7.262,1925.0564,0.00026,0.1111,0.028639,171,152,96,96
653,7.273,1925.07153,0.00097,0.1111,0.028639,171,152,96,96
654,7.284,1925.06177,0.0524,0.110951,0.028639,171,152,96,96
655,7.295,1925.1062,0.20236,0.110967,0.028639,171,152,96,96
656,7.306,1925.50269,0.31421,0.111036,0.028639,171,152,96,96
657,7.317,1925.38708,0.29318,0.110906,0.028639,171,152,96,96
658,7.328,991.56201,7.25775,0.105409,0.027684,172,153,95,95
659,7.339,303.29788,10.1228,0.08476,0.024373,173,154,93,93
660,7.35,161.67053,9.37891,0.070115,0.021636,174,155,91,91
661,7.361,63.91429,16.99714,0.030623,0.006934,178,158,29,84
662,7.372,47.90803,11.55937,0.024454,0.004404,337,91,37,37
663,7.383,132.01768,13.78354,0.019471,0.005477,326,96,42,43
664,7.394,357.54901,21.07293,0.027324,0.008278,305,106,52,51
665,7.405,537.08588,18.25669,0.031861,0.009521,296,110,55,56
666,7.416,672.31116,19.95447,0.038063,0.010998,286,114,59,59
667,7.428,928.44678,27.98194,0.049438,0.013629,269,121,65,66
668,7.439,1021.5451,22.53241,0.054546,0.014556,261,124,68,69
669,7.45,1158.92932,22.839,0.060335,0.016026,253,127,71,71
670,7.461,1320.15698,31.83262,0.069078,0.017536,240,132,75,75
671,7.472,1393.5177,22.9334,0.072361,0.018608,234,134,77,77
672,7.483,1443.23901,22.61684,0.075871,0.019321,228,136,79,79
673,7.494,1520.99731,30.87601,0.082643,0.020766,218,139,82,82
674,7.505,1534.89941,20.18903,0.08474,0.021742,214,140,83,83
675,7.516,1542.96729,19.15067,0.087699,0.0223,210,141,85,85
676,7.527,1547.86743,27.31197,0.092006,0.023057,203,143,87,87
677,7.538,1543.17529,16.22768,0.093929,0.023434,200,144,88,88
678,7.549,1541.0531,15.18648,0.096378,0.024203,198,145,88,88
679,7.56,1531.39502,22.42194,0.099402,0.024875,193,146,89,90
680,7.571,1519.00366,12.39743,0.100989,0.02534,191,147,90,90
681,7.582,1507.78491,11.69839,0.101474,0.025567,189,148,91,90
682,7.593,1506.85449,10.88036,0.103292,0.025514,188,148,90,91
683,7.604,1472.72852,16.12985,0.105223,0.026045,185,149,91,92
684,7.615,1445.15332,8.69675,0.104956,0.025984,183,149,92,93
685,7.626,1447.13208,7.583,0.106631,0.026336,182,150,93,92
686,7.637,1449.99646,12.01602,0.107923,0.026688,180,150,93,93
687,7.648,1438.4032,5.78128,0.108307,0.026623,180,150,93,94
688,7.659,1437.37915,5.9279,0.108817,0.026947,179,151,93,93
689,7.67,1445.91821,8.46918,0.109566,0.026955,178,151,93,94
690,7.681,1442.32056,4.38337,0.109955,0.027704,177,151,94,94
691,7.692,1444.5968,3.5764,0.109797,0.026963,176,151,94,94
692,7.704,1437.89673,6.4903,0.11093,0.027664,176,152,94,94
693,7.715,1433.1488,2.75265,0.110946,0.027486,175,152,94,94
694,7.726,1442.69336,2.5528,0.111193,0.027615,175,152,94,94
695,7.737,1442.854,4.48118,0.111853,0.027575,174,152,95,95
696,7.748,1447.17371,1.83119,0.112525,0.02772,174,152,95,95
697,7.759,1444.5094,1.95451,0.112294,0.02755,174,152,94,95
698,7.77,1444.00159,7.19201,0.112331,0.027886,173,152,94,95
699,7.781,1902.98462,13.36188,0.11223,0.027996,172,152,95,95
700,7.792,1907.3479,1.13885,0.112347,0.028101,172,152,95,95
701,7.803,1894.89563,1.8089,0.113076,0.02819,172,152,95,95
702,7.814,1895.6377,0.80136,0.112958,0.028073,172,152,95,95
703,7.825,1751.125,3.49693,0.112011,0.027842,172,152,95,95
704,7.836,1732.0752,1.20126,0.111558,0.027724,172,152,95,95
705,7.847,1725.93774,0.56942,0.111554,0.027781,172,152,95,95
706,7.858,1725.22632,0.45357,0.111788,0.027907,172,152,95,96
707,7.87,101.63008,29.73484,0.063711,0.028052,310,37,125,131
708,7.881,101.4582,0.10988,0.063792,0.028085,310,36,125,132
709,7.892,101.25922,0.1037,0.063674,0.028125,310,36,125,132
710,7.903,244.46179,45.08428,0.224617,0.230871,213,24,264,225
711,7.914,245.11655,0.11994,0.224633,0.2309,213,24,264,225
712,7.925,245.81319,0.03591,0.224633,0.230924,213,24,264,225
713,7.936,245.9196,0.04239,0.224658,0.23094,213,24,264,225
714,7.948,253.78665,0.45513,0.224921,0.231199,212,24,265,225
715,7.959,454.94107,45.40937,0.432156,0.444122,137,15,377,300
716,7.97,455.34058,0.06276,0.432176,0.444118,137,15,377,300
717,7.982,455.2345,0.00379,0.432168,0.444118,137,15,377,300
718,7.993,822.56262,42.54884,0.608255,0.623532,85,9,457,347
719,8.004,823.54688,0.10329,0.608275,0.623637,85,9,457,347
720,8.015,805.15833,6.256,0.596256,0.611752,88,11,452,344
721,8.026,861.98779,24.22919,0.642152,0.657943,72,18,476,352
722,8.038,820.125,16.03454,0.596103,0.611052,83,25,459,339
723,8.049,845.2666,15.94081,0.550697,0.565063,95,32,441,326
724,8.06,684.4657,25.86979,0.464333,0.476975,118,47,405,299
725,8.071,741.55615,11.99482,0.471369,0.484015,114,52,412,299
726,8.082,657.03662,13.87629,0.432237,0.444422,125,59,395,286
727,8.093,512.5816,20.49688,0.369631,0.380055,145,70,365,265
728,8.104,483.62686,5.76113,0.363588,0.374036,146,75,364,261
729,8.116,437.44659,9.36046,0.338397,0.348145,155,79,351,252
730,8.127,375.11078,8.88298,0.314073,0.323209,164,84,338,243
731,8.138,318.26367,8.43477,0.290943,0.299444,173,88,325,234
732,8.15,304.22015,5.49548,0.279702,0.287923,178,91,320,229
733,8.162,267.02179,14.09066,0.232102,0.239344,200,95,289,211
734,8.173,281.16821,8.50955,0.207332,0.213607,212,96,270,201
735,8.184,247.9272,8.21925,0.183773,0.189683,224,96,252,191
736,8.195,209.21896,12.6168,0.144634,0.149532,244,95,220,173
737,8.206,167.61398,7.03197,0.12728,0.131599,255,93,204,165
738,8.217,89.19637,10.72493,0.09828,0.101944,274,89,177,148
739,8.228,16.11374,5.60049,0.086408,0.089658,282,87,165,140
740,8.239,18.91357,5.35032,0.076029,0.078668,290,85,154,132
741,8.25,22.32243,5.10822,0.067212,0.069378,298,82,143,126
742,8.262,30.30625,8.50853,0.051976,0.053032,312,78,124,111
743,8.273,35.68349,4.24394,0.049154,0.047543,317,75,117,106
744,8.284,41.72313,4.17917,0.047936,0.041803,323,72,109,101
745,8.296,58.08189,8.10516,0.04133,0.027295,333,68,95,89
746,8.307,69.05132,3.85522,0.022438,0.009241,78,161,80,80
747,8.318,85.181,5.60607,0.029971,0.015313,182,159,84,83
748,8.329,99.42007,2.98607,0.034432,0.016722,182,159,84,84
749,8.34,117.8436,2.96607,0.044633,0.018005,181,158,85,85
750,8.351,160.35205,5.54898,0.055599,0.019693,179,157,88,87
751,8.362,188.5338,2.76221,0.060796,0.020547,179,157,88,88
752,8.373,215.37125,2.51902,0.064796,0.021211,178,156,89,89
753,8.384,282.01089,4.88237,0.074025,0.022677,177,156,90,89
754,8.395,318.23016,2.27708,0.077239,0.023142,177,156,90,90
755,8.406,362.026,2.3166,0.080409,0.023251,177,155,90,91
756,8.418,583.96423,5.04341,0.090941,0.024935,176,155,91,91
757,8.429,724.22357,2.35161,0.094281,0.025081,175,154,92,93
758,8.44,870.78455,2.24531,0.097568,0.025652,175,154,92,93
759,8.451,1151.4447,3.94213,0.101369,0.026251,175,154,92,93
760,8.462,1276.46143,1.98694,0.102442,0.026352,175,154,92,93
761,8.473,1393.92725,1.83318,0.103689,0.026741,174,154,93,93
762,8.484,1574.41162,3.15421,0.105287,0.027109,174,154,93,93
763,8.495,1623.45557,1.46686,0.105542,0.027061,174,154,93,93
764,8.506,1642.80469,1.31972,0.105672,0.027069,174,153,93,94
765,8.517,1725.08398,2.22737,0.106498,0.026895,173,153,94,94
766,8.528,1738.27295,0.98594,0.106777,0.026911,173,153,94,94
767,8.539,1756.51892,1.0067,0.107154,0.027482,173,153,94,94
768,8.55,1786.08301,1.79797,0.107975,0.027591,173,153,94,94
769,8.561,1805.86108,0.85671,0.108149,0.027599,173,153,94,94
770,8.572,1833.03699,1.01499,0.108421,0.027579,173,153,94,95
771,8.583,1850.16125,1.36058,0.108955,0.027623,173,153,94,95
772,8.594,1871.21118,0.8186,0.109364,0.027652,173,153,94,95
773,8.605,1865.39307,0.76368,0.109457,0.027664,172,153,95,95
774,8.616,1862.88599,1.28539,0.108971,0.027814,172,153,95,95
775,8.627,1860.80713,0.69233,0.108999,0.027846,172,153,95,95
776,8.638,1858.33386,0.52402,0.109619,0.028097,172,153,95,95
777,8.65,1862.177,1.04015,0.109631,0.028012,172,153,95,95
778,8.661,1866.71375,0.55557,0.109485,0.028065,172,153,95,95
779,8.672,1871.02771,0.44114,0.109926,0.02815,172,153,95,95
780,8.683,1890.32983,0.79801,0.110497,0.028315,172,153,95,95
781,8.694,1891.18042,0.49143,0.110598,0.028332,172,153,95,95
782,8.705,1887.76025,0.36172,0.110635,0.02836,172,153,95,95
783,8.716,1892.22559,0.54589,0.110833,0.028352,172,153,95,95
784,8.727,1889.62415,0.36782,0.110849,0.02836,172,153,95,95
785,8.738,1884.26123,0.2799,0.110821,0.028324,172,153,95,95
786,8.749,1875.0061,0.54187,0.110833,0.028271,172,153,95,95
787,8.76,1874.94727,0.26162,0.110813,0.028259,172,153,95,95
788,8.771,1875.05481,0.20986,0.110922,0.028259,172,153,95,95
789,8.783,1882.87598,0.47289,0.110914,0.028283,172,153,95,95
790,8.793,1882.42603,0.20227,0.110813,0.028287,172,152,95,96
791,8.804,1880.93262,0.15873,0.110813,0.028259,172,152,95,96
792,8.815,1880.52112,0.15093,0.110995,0.028315,171,152,96,96
793,8.826,1867.70862,0.60919,0.108975,0.028332,171,152,96,96
794,8.837,1873.83521,0.24168,0.109226,0.028332,171,152,96,96
795,8.848,1875.91064,0.16728,0.109226,0.028315,171,152,96,96
796,8.859,1883.49316,0.31461,0.109299,0.028303,171,152,96,96
797,8.87,1885.32263,0.11208,0.109323,0.028311,171,152,96,96
798,8.881,1900.41711,0.3541,0.110934,0.028332,171,152,96,96
799,8.892,1892.4353,1.60668,0.114557,0.02832,171,152,96,96
800,8.904,1730.4613,4.20744,0.117921,0.039334,172,153,119,163
801,8.915,314.72809,17.30926,0.104692,0.054441,173,154,149,175
802,8.926,162.53879,10.61726,0.130296,0.099697,175,155,164,181
803,8.937,123.25237,9.71672,0.14248,0.125086,172,157,184,186
804,8.948,111.56706,9.40247,0.166408,0.155911,161,158,211,191
805,8.959,102.75018,19.45949,0.237134,0.236534,138,135,266,226
806,8.97,128.537,10.42632,0.280827,0.28022,128,122,291,244
807,8.981,126.44799,10.64805,0.324731,0.324116,118,111,315,260
808,8.992,131.30368,18.54288,0.410965,0.410354,100,91,358,288
809,9.003,143.88068,8.99232,0.453444,0.452849,92,82,378,301
810,9.014,165.17946,8.74559,0.49426,0.493649,84,74,396,313
811,9.025,189.901,15.67032,0.568977,0.568374,70,61,429,331
812,9.037,209.75473,7.51389,0.603895,0.603296,64,55,443,340
813,9.048,225.41483,7.03454,0.63519,0.634587,59,50,456,347
814,9.059,267.4191,13.02377,0.695788,0.695189,48,40,480,361
815,9.07,247.44312,5.90976,0.71908,0.718489,44,37,490,365
816,9.081,137.508,5.67496,0.744481,0.743877,40,33,499,371
817,9.092,116.62241,9.75934,0.786911,0.786867,33,21,516,385
818,9.103,16.04275,4.24935,0.805896,0.806143,30,21,523,386
819,9.114,13.09241,4.00902,0.821736,0.822092,27,21,529,387
820,9.125,4.13998,6.77904,0.851752,0.852197,22,18,540,392
821,9.136,4.12735,3.17258,0.866146,0.866543,20,16,545,395
822,9.147,4.1274,2.75346,0.878456,0.878865,18,15,550,397
823,9.158,4.1274,4.8667,0.899056,0.899368,15,12,557,401
824,9.169,4.1274,2.11613,0.906407,0.906719,14,11,560,402
825,9.18,4.13191,2.0106,0.915681,0.916041,12,10,563,404
826,9.191,4.13191,3.28146,0.92874,0.929051,10,8,568,406
827,9.202,4.13191,1.47088,0.936455,0.936767,9,7,570,408
828,9.213,4.13191,1.24736,0.939944,0.940305,8,7,572,408
829,9.224,4.13191,2.32579,0.949745,0.950056,7,5,575,410
830,9.235,4.13233,1.07554,0.955226,0.955537,6,5,577,411
831,9.246,4.13233,0.80467,0.957075,0.957436,6,5,578,411
832,9.257,4.13233,1.60635,0.962985,0.963289,5,4,580,412
833,9.268,4.13233,0.73513,0.968252,0.968555,4,3,582,413
834,9.279,4.13233,0.4541,0.968568,0.968879,4,3,582,413
835,9.29,4.12865,1.06544,0.974081,0.972296,3,3,584,413
836,9.301,4.12965,0.59234,0.976538,0.97472,3,2,584,414
837,9.312,4.14217,0.37558,0.978149,0.976328,3,2,585,414
838,9.328,4.19575,0.60869,0.979946,0.978109,2,2,586,414
839,9.34,4.30987,1.00066,0.983468,0.98021,2,2,587,414
840,9.35,4.40311,0.26718,0.985508,0.980335,2,2,587,414
841,9.361,4.51055,0.11133,0.985237,0.98038,2,2,587,414
842,9.372,4.62976,0.12036,0.986541,0.980359,2,2,587,414
843,9.383,4.96837,0.39836,0.986577,0.98046,2,2,587,414
844,9.394,5.19308,0.01587,0.986476,0.980375,2,2,587,414
845,9.405,5.55748,0.20535,0.986557,0.980396,2,2,587,414
846,9.416,7.74061,0.34193,0.986362,0.98038,2,2,587,414
847,9.427,7.82611,0.01317,0.986322,0.98038,2,2,587,414
848,9.438,7.84095,0.00066,0.986326,0.98038,2,2,587,414
849,9.449,7.82975,0.19264,0.986399,0.980452,2,2,587,414
850,9.46,7.83765,0.00519,0.986399,0.980452,2,2,587,414
851,9.471,7.82987,0.00269,0.986399,0.980452,2,2,587,414
852,9.483,7.82921,0.00527,0.98635,0.980452,2,2,587,414
853,9.494,7.83225,0.00285,0.98635,0.980452,2,2,587,414
854,9.505,7.8314,1.45676,0.998227,0.983318,2,2,587,414
855,9.516,7.82904,0.00719,0.998227,0.983318,2,2,587,414
856,9.527,7.82904,3e-05,0.998227,0.983318,2,2,587,414
857,9.538,7.82904,0.0035,0.998227,0.983318,2,2,587,414
858,9.549,7.82904,0.00677,0.998227,0.983318,2,2,587,414
859,9.56,7.82904,0.00206,0.998227,0.983318,2,2,587,414
860,9.571,7.82904,0.00523,0.998227,0.983318,2,2,587,414
861,9.583,7.82904,0.00149,0.998227,0.983318,2,2,587,414
862,9.594,7.82904,0.00445,0.998227,0.983318,2,2,587,414
863,9.605,7.82904,0.00536,0.998227,0.983318,2,2,587,414
864,9.616,8.46282,0.21202,0.998207,0.983318,2,2,587,414
865,9.627,11.10097,0.07763,0.998207,0.983318,2,2,587,414
866,9.638,14.76659,0.20937,0.998207,0.983318,2,2,587,414
867,9.649,27.32005,0.29219,0.997591,0.983314,2,2,587,414
868,9.661,35.96389,0.06722,0.995669,0.983314,2,2,587,414
869,9.673,58.19638,0.50031,0.99288,0.983181,2,2,587,414
870,9.684,71.58212,0.23723,0.991499,0.982986,2,2,587,414
871,9.696,85.70874,0.09275,0.99073,0.982914,2,2,587,414
872,9.707,121.12077,0.42113,0.989572,0.982468,2,2,587,414
873,9.718,139.15407,0.06396,0.98869,0.982314,2,2,587,414
874,9.729,159.65475,0.21791,0.988301,0.981889,2,2,587,414
875,9.74,206.90601,0.41759,0.987548,0.981529,2,2,587,414
876,9.751,232.11847,0.06897,0.987217,0.981209,2,2,587,414
877,9.762,260.54022,0.24043,0.986431,0.980845,2,2,587,414
878,9.773,260.98163,0.01794,0.986439,0.980894,2,2,587,414
879,9.784,260.70325,0.003,0.986439,0.980865,2,2,587,414
880,9.795,261.11807,0.00528,0.986435,0.980853,2,2,587,414
881,9.806,261.18304,0.00225,0.986435,0.980853,2,2,587,414
882,9.817,261.22565,0.00076,0.986435,0.980853,2,2,587,414
883,9.828,261.22565,0.00021,0.986435,0.980853,2,2,587,414
884,9.839,261.22565,0.00123,0.986435,0.980853,2,2,587,414
885,9.85,261.2879,0.00187,0.986435,0.980853,2,2,587,414
886,9.861,261.32004,0.00039,0.986435,0.980853,2,2,587,414
887,9.872,261.22769,0.00018,0.986435,0.980853,2,2,587,414
888,9.883,261.44135,0.00023,0.986435,0.980853,2,2,587,414
889,9.894,261.29657,0.00025,0.986435,0.980853,2,2,587,414
890,9.905,261.3786,0.00109,0.986435,0.980853,2,2,587,414
891,9.917,261.36951,0.0001,0.986435,0.980853,2,2,587,414
892,9.928,225.42845,0.34324,0.988852,0.981671,2,2,587,414
893,9.939,225.6575,0.00061,0.988848,0.981671,2,2,587,414
894,9.95,225.60815,0.00028,0.988844,0.981671,2,2,587,414
895,9.962,225.58914,0.00094,0.98884,0.981671,2,2,587,414
896,9.973,225.66718,0.0003,0.98884,0.981671,2,2,587,414
897,9.984,225.64203,0.0002,0.988836,0.981671,2,2,587,414
898,9.995,225.76047,0.00034,0.98884,0.981671,2,2,587,414
899,10.006,225.80649,0.00023,0.98884,0.981671,2,2,587,414
900,10.017,225.61591,0.01051,0.988811,0.981667,2,2,587,414
901,10.028,225.70343,0.0032,0.988807,0.981667,2,2,587,414
902,10.039,225.92671,0.0016,0.98882,0.981671,2,2,587,414
903,10.05,226.38446,0.00113,0.98882,0.981671,2,2,587,414
904,10.061,226.1382,0.0003,0.98882,0.981671,2,2,587,414
905,10.072,226.09515,0.0016,0.988824,0.981671,2,2,587,414
906,10.083,226.17937,0.00017,0.988824,0.981671,2,2,587,414
907,10.094,226.17937,0.0,0.988824,0.981671,2,2,587,414
908,10.105,314.40622,18.27166,0.870983,0.598896,2,162,587,254
909,10.116,314.55505,0.00473,0.870983,0.598896,2,162,587,254
910,10.127,314.36157,0.0078,0.870979,0.598908,2,162,587,254
911,10.138,314.40082,0.0007,0.870979,0.598908,2,162,587,254
912,10.149,314.427,0.01448,0.871085,0.598908,2,162,587,254
913,10.16,314.44135,1.05424,0.8663,0.597503,2,162,587,254
914,10.171,599.95068,10.63242,0.825808,0.583696,4,162,584,253
915,10.183,587.75336,18.54373,0.779694,0.549138,13,163,567,246
916,10.194,549.68451,22.96986,0.721079,0.50727,26,165,544,236
917,10.205,597.69373,42.54926,0.584327,0.410411,57,169,490,213
918,10.216,470.42661,40.82087,0.443106,0.310232,94,174,427,185
919,10.227,367.49225,32.24041,0.325339,0.229507,130,180,363,160
920,10.239,310.70145,15.53121,0.27399,0.192744,146,184,331,148
921,10.25,270.91873,13.47397,0.229455,0.162578,161,188,301,137
922,10.261,218.89056,19.66049,0.163594,0.115108,186,197,248,118
923,10.272,192.62733,9.00836,0.138222,0.097536,195,201,226,110
924,10.283,166.09456,8.09306,0.115217,0.081469,204,206,205,101
925,10.294,140.32739,11.92288,0.081639,0.058117,216,214,171,89
926,10.305,127.65525,5.32899,0.069022,0.049001,221,220,155,81
927,10.316,119.40196,4.9866,0.058538,0.041739,225,222,142,78
928,10.328,109.66219,8.01489,0.043107,0.030643,230,223,121,75
929,10.339,108.63009,3.94862,0.037326,0.026445,232,228,111,69
930,10.35,106.76891,3.73688,0.031971,0.022685,234,232,102,65
931,10.362,101.39868,6.40104,0.027044,0.025692,235,189,89,108
932,10.373,92.3083,3.34273,0.0263,0.014233,236,244,82,53
933,10.384,90.70628,5.85198,0.027955,0.015751,230,162,79,136
934,10.395,95.78043,2.99137,0.031145,0.015479,214,161,91,137
935,10.406,96.85795,2.51294,0.033084,0.02181,184,160,117,139
936,10.418,108.75677,2.80171,0.037087,0.022863,182,159,115,140
937,10.429,146.71103,5.1571,0.045285,0.024608,181,158,110,142
938,10.441,167.45694,2.58905,0.048802,0.024595,180,158,108,142
939,10.452,218.14594,4.89578,0.05838,0.020637,179,157,88,88
940,10.463,245.11752,2.3047,0.062148,0.021175,178,156,89,89
941,10.474,277.08563,2.37088,0.067233,0.022102,178,156,89,89
942,10.486,347.95819,4.22105,0.075053,0.023045,177,156,90,90
943,10.497,388.7879,2.16444,0.078555,0.023256,177,155,90,91
944,10.508,482.56287,2.61257,0.084469,0.024162,176,155,91,91
945,10.519,746.40955,4.60036,0.094431,0.025061,175,154,92,93
946,10.53,887.25928,2.13098,0.098936,0.025563,175,154,92,93
947,10.541,1019.40289,2.18698,0.101357,0.026012,175,154,92,93
948,10.552,1286.19177,3.59495,0.104781,0.026312,175,154,92,93
949,10.564,1399.59106,1.80758,0.106024,0.026749,174,154,93,93
950,10.575,1498.45776,1.81379,0.106988,0.027044,174,154,93,93
951,10.587,1624.11316,2.70021,0.108097,0.027032,174,154,93,93
952,10.599,1645.66614,1.34836,0.108364,0.027069,174,153,93,94
953,10.611,1722.7699,2.14902,0.109117,0.026899,173,153,94,94
954,10.622,1737.82202,1.01352,0.10942,0.026887,173,153,94,94
955,10.633,1758.72229,1.07291,0.109894,0.027401,173,153,94,94
956,10.644,1783.89014,1.78073,0.110748,0.027591,173,153,94,94
957,10.655,1804.81982,0.84148,0.111007,0.027603,173,153,94,95
958,10.666,1827.65894,0.90959,0.111173,0.027579,173,153,94,95
959,10.677,1848.35889,1.39315,0.111639,0.027623,173,153,94,95
960,10.689,1871.83081,0.89936,0.112052,0.027648,173,153,94,95
961,10.7,1865.69263,0.73832,0.11227,0.027664,172,153,95,95
962,10.711,1861.08044,1.29377,0.111918,0.027818,172,153,95,95
963,10.722,1856.85254,0.63272,0.112003,0.027838,172,153,95,95
964,10.733,1855.18677,0.53599,0.112444,0.027955,172,153,95,95
965,10.744,1863.66833,1.15565,0.112582,0.028016,172,153,95,95
966,10.755,1867.74707,0.53738,0.112582,0.028085,172,153,95,95
967,10.766,1872.24878,0.44483,0.112853,0.02821,172,153,95,95
968,10.777,1887.33643,0.72175,0.113387,0.028315,172,153,95,95
969,10.788,1889.68958,0.51238,0.113561,0.028336,172,153,95,95
970,10.799,1888.35278,0.4572,0.113557,0.028352,172,153,95,95
971,10.81,1892.74561,0.54288,0.113764,0.028348,172,153,95,95
972,10.822,1890.22607,0.3693,0.113663,0.02836,172,153,95,95
973,10.833,1878.49915,0.58213,0.113942,0.028263,172,153,95,95
974,10.844,1892.03625,0.83682,0.114715,0.028324,172,153,95,95
975,10.855,1767.40222,3.59711,0.11648,0.028214,172,153,95,95
976,10.866,1003.05023,7.06784,0.113391,0.038524,172,153,119,163
977,10.878,188.52841,19.00716,0.082133,0.050316,175,155,147,175
978,10.889,115.92583,10.35969,0.076227,0.031234,177,157,162,85
979,10.901,144.74368,10.10563,0.101693,0.06093,172,241,184,102
980,10.912,219.70587,21.4482,0.166865,0.119083,149,228,240,128
981,10.923,253.81453,12.60307,0.202289,0.144039,138,222,266,139
982,10.934,305.14011,13.38307,0.2397,0.169711,128,217,291,150
983,10.945,370.57697,24.05189,0.314972,0.222225,109,207,337,169
984,10.956,394.88504,13.20106,0.351367,0.248403,100,202,358,178
985,10.968,436.12091,13.02383,0.387163,0.272614,92,198,378,185
986,10.98,520.44727,22.54186,0.453724,0.319627,77,192,413,197
987,10.991,567.94202,12.41166,0.484581,0.341615,70,189,429,203
988,11.002,631.82593,20.24145,0.541269,0.382018,58,184,457,213
989,11.013,655.39569,11.22754,0.566569,0.399323,53,181,469,218
990,11.024,703.56763,10.81273,0.59331,0.416373,48,180,480,221
991,11.035,629.08325,17.36882,0.635259,0.447336,40,176,499,228
992,11.046,634.91058,9.42528,0.653321,0.459403,36,174,508,231
993,11.057,639.70123,8.73699,0.669253,0.470766,33,173,516,233
994,11.069,570.88635,13.7934,0.702868,0.49526,27,171,529,238
995,11.08,572.22522,7.34516,0.714582,0.502785,24,170,536,240
996,11.091,582.586,7.02416,0.727293,0.511274,22,169,541,241
997,11.102,594.00073,10.55675,0.750427,0.528477,18,168,550,244
998,11.113,592.98212,5.73627,0.758296,0.532861,16,167,554,245
999,11.124,593.54858,5.43141,0.766595,0.539783,15,166,557,247
1000,11.135,597.28149,8.06684,0.782009,0.55011,12,166,563,248
1001,11.146,601.14313,4.35741,0.788267,0.553146,11,165,566,249
1002,11.157,613.84973,3.73169,0.793813,0.55793,10,165,568,249
1003,11.168,604.29712,6.08167,0.801694,0.564132,8,164,572,251
1004,11.179,614.70471,3.18033,0.807831,0.567322,8,164,573,251
1005,11.191,614.72363,2.62101,0.810361,0.569394,7,163,575,252
1006,11.202,618.68921,4.47928,0.819194,0.574426,6,163,578,253
1007,11.213,615.39783,1.9955,0.823796,0.578279,5,163,580,253
1008,11.224,610.11926,1.80385,0.822416,0.578696,5,163,580,253
1009,11.235,609.74921,0.01675,0.822359,0.578692,5,163,580,253
1010,11.246,614.68518,1.76883,0.826622,0.580263,4,162,582,254
1011,11.257,614.1886,0.01399,0.826589,0.580279,4,162,582,254
1012,11.269,541.10156,47.31638,0.67692,0.475174,37,167,526,229
1013,11.28,670.38635,24.27676,0.607834,0.427092,53,169,499,217
1014,11.291,495.76331,41.51974,0.463799,0.325152,90,174,436,189
1015,11.302,378.08359,33.9246,0.33947,0.238607,125,180,371,163
1016,11.313,325.43103,16.07674,0.28628,0.201673,141,183,339,152
1017,11.324,270.81104,13.9743,0.242489,0.171532,156,187,309,142
1018,11.336,234.99164,20.53195,0.17369,0.122459,180,196,256,122
1019,11.348,204.94952,9.50088,0.145241,0.102353,190,201,232,112
1020,11.359,150.12422,14.26466,0.103393,0.072952,205,210,192,97
1021,11.37,133.19202,6.33241,0.086643,0.061444,211,215,175,90
1022,11.381,134.25021,5.50614,0.074118,0.052676,216,218,160,85
1023,11.392,118.61702,9.08724,0.053607,0.037982,224,218,134,82
1024,11.403,118.40927,4.30517,0.045827,0.032436,227,223,123,77
1025,11.414,115.47404,4.02085,0.039188,0.027809,228,228,115,71
1026,11.425,112.67879,3.74125,0.034213,0.024085,230,232,106,67
1027,11.436,105.78171,6.48671,0.028437,0.018086,232,240,91,58
1028,11.447,95.33133,3.31479,0.027971,0.023802,233,186,85,112
1029,11.458,92.22066,3.10992,0.025587,0.016597,233,162,80,137
1030,11.469,100.10049,5.8454,0.032703,0.022713,183,160,121,139
1031,11.481,98.9355,2.3893,0.034136,0.02249,182,160,118,139
1032,11.492,125.86397,5.17474,0.042277,0.024312,180,158,113,142
1033,11.504,148.28053,2.645,0.046458,0.024846,180,158,110,142
1034,11.515,170.59071,2.48181,0.051065,0.025296,179,157,108,144
1035,11.526,221.11688,4.71179,0.059926,0.020628,178,156,89,89
1036,11.537,248.23212,2.24172,0.065281,0.021511,177,156,90,89
1037,11.549,280.99573,2.31599,0.07024,0.02243,177,156,90,89
1038,11.56,351.25897,3.98808,0.078425,0.023154,176,155,91,91
1039,11.571,395.26486,2.03089,0.082918,0.023911,176,155,91,91
1040,11.582,490.9025,2.57528,0.087938,0.024425,175,155,92,91
1041,11.593,745.76917,4.23407,0.097102,0.02551,175,154,92,93
1042,11.604,879.47235,1.97741,0.100539,0.025956,175,154,92,93
1043,11.615,1018.30713,1.98267,0.102608,0.026186,174,154,93,93
1044,11.626,1290.21997,3.28562,0.105862,0.026895,174,154,93,93
1045,11.638,1404.81519,1.70151,0.106996,0.026915,174,154,93,93
1046,11.65,1497.51294,1.61828,0.10734,0.027048,174,153,93,94
1047,11.661,1639.34985,2.47824,0.108388,0.02687,173,153,94,94
1048,11.672,1672.59863,1.15324,0.109105,0.026911,173,153,94,94
1049,11.683,1716.33887,1.84198,0.110117,0.027583,173,153,94,94
1050,11.694,1739.80322,1.04777,0.110582,0.027591,173,153,94,94
1051,11.705,1760.83716,0.78687,0.110712,0.027603,173,153,94,94
1052,11.716,1801.0509,1.42805,0.111258,0.027611,173,153,94,95
1053,11.727,1820.62744,0.8305,0.111667,0.027627,173,153,94,95
1054,11.738,1843.83716,0.77021,0.111938,0.027652,173,153,94,95
1055,11.749,1838.62708,0.84411,0.111942,0.027672,172,153,95,95
1056,11.76,1839.58801,1.28577,0.111699,0.027822,172,153,95,95
1057,11.771,1839.0105,0.65672,0.111906,0.027947,172,153,95,95
1058,11.782,1846.38525,0.62716,0.112359,0.027915,172,153,95,95
1059,11.793,1848.47522,0.97321,0.112497,0.02802,172,153,95,95
1060,11.804,1857.03882,0.61575,0.112452,0.028101,172,153,95,95
1061,11.815,1863.16248,0.43579,0.112703,0.02819,172,153,95,95
1062,11.827,1874.67371,0.86128,0.113104,0.028311,172,153,95,95
1063,11.838,1877.88538,0.49271,0.113468,0.028332,172,153,95,95
1064,11.85,1879.06641,0.44674,0.113436,0.028344,172,153,95,95
1065,11.861,1891.65576,0.6515,0.113634,0.028352,172,153,95,95
1066,11.873,1887.34058,0.3637,0.113642,0.028307,172,153,95,95
1067,11.884,1877.65186,0.56829,0.113885,0.028263,172,153,95,95
1068,11.895,1875.03101,0.22484,0.113792,0.028279,172,153,95,95
1069,11.906,1874.48413,0.26017,0.113804,0.028263,172,153,95,95
1070,11.917,1880.95996,0.53218,0.113885,0.028263,172,153,95,95
1071,11.928,1882.41284,0.16797,0.113934,0.028287,172,152,95,96
1072,11.939,1880.8905,0.16992,0.113808,0.028259,172,152,95,96
1073,11.95,1930.63525,2.90407,0.114545,0.028639,171,152,96,96
1074,11.961,1931.17297,0.05262,0.114537,0.028643,171,152,96,96
1075,11.972,1931.896,0.06644,0.114614,0.028643,171,152,96,96
1076,11.983,1931.48218,0.00741,0.11459,0.028643,171,152,96,96
1077,11.994,1931.80371,0.00339,0.114598,0.028643,171,152,96,96
1078,12.005,1931.58069,0.00169,0.114602,0.028643,171,152,96,96
1079,12.016,1931.57666,0.00151,0.114598,0.028643,171,152,96,96
1080,12.027,1931.6637,0.3647,0.114671,0.028635,171,152,96,96
1081,12.038,1931.6416,0.07832,0.114658,0.028635,171,152,96,96
1082,12.049,1932.05823,0.01286,0.114687,0.028635,171,152,96,96
1083,12.06,1931.67212,0.00384,0.114687,0.028635,171,152,96,96
1084,12.071,1932.19629,0.00113,0.114687,0.028635,171,152,96,96
1085,12.082,1932.28589,0.02846,0.114711,0.028635,171,152,96,96
1086,12.093,1932.2439,0.00159,0.114711,0.028635,171,152,96,96
1087,12.104,1932.24304,0.00023,0.114711,0.028635,171,152,96,96
1088,12.115,1932.20288,0.00062,0.114711,0.028635,171,152,96,96
1089,12.126,1932.21265,0.00014,0.114715,0.028635,171,152,96,96
1090,12.137,1932.302,0.01201,0.114731,0.028639,171,152,96,96
1091,12.148,1932.29639,0.00047,0.114731,0.028639,171,152,96,96
1092,12.159,1932.2644,0.01613,0.114739,0.028639,171,152,96,96
1093,12.171,1932.27332,0.00062,0.114735,0.028639,171,152,96,96
1094,12.183,1932.27515,0.00015,0.114735,0.028639,171,152,96,96
1095,12.194,1932.05835,0.00484,0.114739,0.028639,171,152,96,96
1096,12.206,1932.07227,7e-05,0.114739,0.028639,171,152,96,96
1097,12.217,1932.09058,8e-05,0.114739,0.028639,171,152,96,96
1098,12.228,1932.09155,6e-05,0.114739,0.028639,171,152,96,96
1099,12.239,1932.1333,0.00014,0.114739,0.028639,171,152,96,96
1100,12.25,1932.18555,0.00242,0.114739,0.028639,171,152,96,96
1101,12.261,1932.18872,0.00014,0.114739,0.028639,171,152,96,96
1102,12.272,1932.19519,0.0001,0.114739,0.028639,171,152,96,96
1103,12.283,1932.21045,0.00025,0.114739,0.028639,171,152,96,96
1104,12.294,1932.2229,0.0001,0.114739,0.028639,171,152,96,96
1105,12.305,1932.28955,0.00097,0.114739,0.028639,171,152,96,96
1106,12.316,1932.29956,4e-05,0.114739,0.028639,171,152,96,96
1107,12.327,1932.29956,0.0,0.114739,0.028639,171,152,96,96
1108,12.338,1932.3075,0.00016,0.114739,0.028639,171,152,96,96
1109,12.349,1932.33887,0.00023,0.114739,0.028639,171,152,96,96
1110,12.36,1932.45117,0.00087,0.114739,0.028639,171,152,96,96
1111,12.371,1932.45117,0.0,0.114739,0.028639,171,152,96,96
1112,12.382,1932.45215,0.00012,0.114739,0.028639,171,152,96,96
1113,12.393,1932.47144,6e-05,0.114739,0.028639,171,152,96,96
1114,12.405,1932.48999,0.00014,0.114739,0.028639,171,152,96,96
1115,12.416,1932.58374,0.0007,0.114739,0.028639,171,152,96,96
1116,12.427,1932.58398,3e-05,0.114739,0.028639,171,152,96,96
1117,12.438,1932.58398,0.0,0.114739,0.028639,171,152,96,96
1118,12.449,1932.58594,0.00023,0.114739,0.028639,171,152,96,96
1119,12.46,1932.58801,5e-05,0.114743,0.028639,171,152,96,96
1120,12.471,1932.65759,0.00063,0.114743,0.028639,171,152,96,96
1121,12.482,1932.66187,8e-05,0.114743,0.028639,171,152,96,96
1122,12.493,1932.68152,3e-05,0.114743,0.028639,171,152,96,96
1123,12.504,1932.68335,1e-05,0.114743,0.028639,171,152,96,96
1124,12.515,1932.69336,0.00014,0.114743,0.028639,171,152,96,96
1125,12.526,1932.79053,0.0007,0.114748,0.028639,171,152,96,96
1126,12.537,1932.78992,1e-05,0.114748,0.028639,171,152,96,96
1127,12.549,1932.7915,3e-05,0.114748,0.028639,171,152,96,96
1128,12.56,1932.7915,0.0,0.114748,0.028639,171,152,96,96
1129,12.571,1932.7915,0.0,0.114748,0.028639,171,152,96,96
1130,12.582,1932.84827,0.14232,0.114642,0.028639,171,152,96,96
1131,12.593,1932.84827,0.00532,0.114642,0.028639,171,152,96,96
1132,12.605,1932.84827,0.00882,0.114642,0.028639,171,152,96,96
1133,12.616,1932.84827,0.16098,0.114748,0.028639,171,152,96,96
1134,12.629,1932.86401,0.27157,0.114792,0.028639,171,152,96,96
1135,12.641,1774.40625,3.42087,0.11297,0.028575,171,152,96,96
1136,12.652,997.23535,6.72236,0.105425,0.02768,172,153,95,95
1137,12.663,167.13525,24.57973,0.139145,0.087812,376,21,156,167
1138,12.674,97.9955,11.95859,0.154725,0.119184,349,21,184,170
1139,12.685,69.67839,10.20327,0.179515,0.154802,323,21,211,190
1140,12.696,46.54715,11.2006,0.206608,0.194569,298,21,238,208
1141,12.707,92.23328,20.54912,0.281111,0.280779,250,18,291,244
1142,12.718,114.47879,9.77267,0.324521,0.324493,229,16,314,260
1143,12.729,115.52969,18.04464,0.412139,0.412074,191,13,358,289
1144,12.74,129.26031,9.10274,0.453873,0.453793,174,12,378,301
1145,12.751,123.75968,8.94491,0.493576,0.493568,158,11,396,312
1146,12.762,96.8966,8.42798,0.531853,0.531805,144,10,413,322
1147,12.773,105.58048,15.5362,0.603336,0.603284,119,8,443,340
1148,12.784,114.65867,7.17445,0.636169,0.636368,107,7,457,348
1149,12.795,105.53833,6.76064,0.664748,0.665205,97,7,469,354
1150,12.806,107.93258,11.34984,0.717392,0.717991,80,6,490,365
1151,12.817,121.04404,5.42342,0.742752,0.7434,72,5,500,371
1152,12.828,128.59645,5.08503,0.764473,0.765198,66,5,508,375
1153,12.839,115.93694,8.93861,0.804111,0.804941,52,4,525,383
1154,12.85,138.36746,4.22064,0.821728,0.822574,49,3,529,387
1155,12.861,140.90289,3.54984,0.837361,0.838826,36,3,543,390
1156,12.872,9.4287,3.57847,0.850019,0.851071,36,3,544,392
1157,12.883,4.13949,5.99357,0.875327,0.876715,27,2,555,397
1158,12.894,4.13768,2.76989,0.887491,0.888661,27,2,556,399
1159,12.906,4.13768,4.58338,0.904359,0.905687,24,2,560,402
1160,12.918,4.13764,2.34555,0.913827,0.914981,22,2,563,404
1161,12.93,4.13764,3.40354,0.928764,0.927926,18,2,568,406
1162,12.941,4.13764,1.57156,0.934399,0.933553,16,2,570,407
1163,12.952,4.13764,1.20282,0.939912,0.938928,15,2,572,408
1164,12.963,4.13764,2.42551,0.947648,0.946769,12,2,575,409
1165,12.974,4.13896,1.01879,0.953121,0.952303,11,2,577,410
1166,12.985,4.13896,1.0763,0.955136,0.954177,10,2,578,411
1167,12.996,4.13896,0.90061,0.959124,0.958326,9,2,579,411
1168,13.007,4.13896,1.4082,0.966098,0.965119,7,2,582,412
1169,13.018,4.13896,0.60017,0.966406,0.965475,7,2,582,412
1170,13.029,4.15205,0.74004,0.968244,0.967329,6,2,583,412
1171,13.04,4.15738,1.07206,0.97234,0.971498,5,2,584,413
1172,13.052,4.17401,0.40963,0.973842,0.972907,4,2,585,413
1173,13.063,4.20866,0.42508,0.977603,0.975271,4,2,585,414
1174,13.074,4.29833,1.09966,0.979793,0.977352,3,2,586,414
1175,13.086,4.35726,0.27991,0.979942,0.97755,3,2,586,414
1176,13.097,4.44487,0.1513,0.9811,0.979023,2,2,587,414
1177,13.108,4.69435,0.31084,0.98074,0.978979,2,2,587,414
1178,13.12,4.84783,0.27716,0.982885,0.978979,2,2,587,414
1179,13.131,5.31175,0.43761,0.984994,0.979032,2,2,587,414
1180,13.142,5.68095,0.24172,0.987937,0.979108,2,2,587,414
1181,13.153,6.34447,0.03905,0.987779,0.97925,2,2,587,414
1182,13.164,7.84665,0.30579,0.987739,0.979206,2,2,587,414
1183,13.175,7.84771,0.31806,0.985581,0.978926,2,2,587,414
1184,13.186,7.84825,0.01039,0.985569,0.978987,2,2,587,414
1185,13.197,7.84998,0.56347,0.982885,0.97874,2,2,587,414
1186,13.208,103.69266,0.34136,0.980278,0.978764,2,2,587,414
1187,13.22,103.10507,0.0233,0.980246,0.978756,2,2,587,414
1188,13.232,102.65747,0.15871,0.980307,0.978785,2,2,587,414
1189,13.244,107.57703,1.50454,0.990835,0.981991,2,2,587,414
1190,13.255,107.48393,0.00994,0.990844,0.981991,2,2,587,414
1191,13.267,108.06883,0.00837,0.990839,0.981991,2,2,587,414
1192,13.278,107.97552,0.0034,0.990844,0.981991,2,2,587,414
1193,13.289,107.94778,0.00199,0.990844,0.981991,2,2,587,414
1194,13.3,107.81762,0.00322,0.990844,0.981991,2,2,587,414
1195,13.311,443.18884,3.43402,0.969903,0.97583,2,2,587,414
1196,13.322,443.16046,1.19718,0.9703,0.976121,2,2,587,414
1197,13.334,504.67157,5.01607,0.949635,0.953392,2,2,587,414
1198,13.345,562.09131,15.53803,0.901594,0.918685,7,4,580,410
1199,13.356,680.10156,28.0892,0.819117,0.833795,24,13,555,392
1200,13.367,762.84631,32.1651,0.724277,0.736514,46,24,522,369
1201,13.378,644.53137,49.25485,0.540751,0.550891,94,49,450,319
1202,13.389,1386.6145,32.78256,0.407188,0.413839,120,58,413,296
1203,13.4,968.46033,42.08769,0.236089,0.238558,172,71,343,255
1204,13.411,781.03394,20.25417,0.198637,0.201467,196,75,312,237
1205,13.422,593.9563,17.0177,0.165428,0.168873,220,78,283,220
1206,13.433,388.29156,14.56115,0.138541,0.141703,242,80,257,204
1207,13.444,11.96318,18.01359,0.097863,0.101134,283,82,212,175
1208,13.455,12.662,9.94917,0.081882,0.08457,302,82,193,162
1209,13.466,14.52175,8.82439,0.069613,0.071799,319,81,176,150
1210,13.477,19.63934,11.82348,0.049972,0.051668,350,79,147,129
1211,13.488,23.10127,6.66364,0.042172,0.043985,363,77,135,120
1212,13.499,26.57193,6.14715,0.035788,0.037253,376,75,124,112
1213,13.51,30.57067,5.51527,0.030764,0.031449,388,73,115,104
1214,13.521,41.6972,8.76267,0.029643,0.023587,409,69,98,91
1215,13.532,48.62557,4.64071,0.02849,0.019349,418,67,91,84
1216,13.543,58.02174,4.41952,0.018309,0.00553,185,162,25,78
1217,13.555,71.97353,6.07567,0.025154,0.013589,183,160,82,81
1218,13.566,85.15473,3.19312,0.029761,0.015152,182,159,84,83
1219,13.577,99.36715,2.94577,0.034412,0.016775,182,159,84,84
1220,13.588,137.65942,5.28846,0.04473,0.01877,180,158,86,86
1221,13.599,160.245,2.6485,0.04977,0.019596,179,157,88,87
1222,13.61,188.47855,2.62054,0.055991,0.020604,179,157,88,88
1223,13.621,247.38335,4.77204,0.066686,0.022163,178,156,89,89
1224,13.632,281.60681,2.32346,0.071167,0.022677,177,156,90,89
1225,13.644,362.43719,4.23227,0.079178,0.023256,177,155,90,91
1226,13.655,457.63403,2.66598,0.085667,0.024207,176,155,91,91
1227,13.666,583.48352,2.50162,0.090901,0.024935,176,155,91,91
1228,13.677,873.41046,4.24438,0.098629,0.025672,175,154,92,93
1229,13.688,1006.37317,2.17277,0.100794,0.026,175,154,92,93
1230,13.699,1148.87988,1.98611,0.102741,0.026247,175,154,92,93
1231,13.71,1275.9729,1.91457,0.104215,0.02632,175,154,92,93
1232,13.721,1496.0874,3.36096,0.106388,0.027044,174,154,93,93
1233,13.732,1574.24878,1.57534,0.107307,0.027109,174,154,93,93
1234,13.744,1642.50513,2.46822,0.107943,0.027069,174,153,93,94
1235,13.755,1680.84778,1.18711,0.108279,0.026891,174,153,93,94
1236,13.768,1724.5874,1.16806,0.108773,0.026891,173,153,94,94
1237,13.779,1756.22119,1.81294,0.109704,0.027449,173,153,94,94
1238,13.79,1773.81714,1.01688,0.110157,0.027583,173,153,94,94
1239,13.802,1801.8042,1.61745,0.110772,0.027603,173,153,94,95
1240,13.813,1831.66846,1.01637,0.110926,0.027579,173,153,94,95
1241,13.824,1841.57349,0.78719,0.111222,0.027595,173,153,94,95
1242,13.835,1870.74146,1.43126,0.111756,0.027656,173,153,94,95
1243,13.846,1865.75024,0.7612,0.111987,0.027672,172,153,95,95
1244,13.857,1870.21582,0.59703,0.112104,0.027664,172,153,95,95
1245,13.868,1866.21216,0.87272,0.111639,0.027814,172,153,95,95
1246,13.879,1856.66565,1.04021,0.112307,0.028101,172,153,95,95
1247,13.89,1869.19385,0.58805,0.11223,0.02789,172,153,95,95
1248,13.901,1866.15259,1.0169,0.11225,0.028089,172,153,95,95
1249,13.912,1870.4635,0.44431,0.112473,0.02815,172,153,95,95
1250,13.923,1882.55151,0.50596,0.112954,0.028267,172,153,95,95
1251,13.934,1888.82007,0.3576,0.113217,0.028307,172,153,95,95
1252,13.945,1886.20007,0.75087,0.113351,0.028344,172,153,95,95
1253,13.956,1889.95654,0.29746,0.113375,0.028348,172,153,95,95
1254,13.967,1887.2804,0.37209,0.113379,0.028348,172,153,95,95
1255,13.978,1006.85455,8.35743,0.10502,0.02715,172,153,95,95
1256,13.99,308.78525,9.78992,0.077992,0.024073,174,154,92,93
1257,14.001,96.69469,15.50171,0.037602,0.017852,177,157,88,87
1258,14.012,68.56897,9.37853,0.025016,0.006752,179,158,29,84
1259,14.023,46.17023,12.08492,0.067168,0.060922,349,21,184,160
1260,14.034,26.93183,23.37163,0.13202,0.13368,298,21,239,208
1261,14.045,88.65704,15.66297,0.161813,0.163198,273,19,266,227
1262,14.056,387.96954,16.7388,0.189696,0.190376,250,17,291,245
1263,14.067,831.45154,26.96169,0.248731,0.24952,209,14,337,276
1264,14.078,1031.46033,20.18249,0.277306,0.277884,191,13,358,289
1265,14.089,1233.50293,21.68289,0.306892,0.30758,174,12,378,301
1266,14.1,1467.22729,31.21538,0.359418,0.359673,144,10,413,322
1267,14.111,1560.073,23.06995,0.384548,0.384504,131,9,429,331
1268,14.123,1663.04089,23.39418,0.408488,0.408893,119,8,443,340
1269,14.135,1816.18091,31.91548,0.453161,0.453165,97,7,470,354
1270,14.146,1860.90295,22.14332,0.470523,0.46924,88,6,481,360
1271,14.157,1957.37451,21.60711,0.490058,0.490143,80,5,491,366
1272,14.168,2100.35742,30.41244,0.521317,0.520972,66,4,508,376
1273,14.179,2135.2373,19.74516,0.534476,0.533618,59,4,516,380
1274,14.19,2168.4707,19.0327,0.547296,0.546062,52,4,525,383
1275,14.201,2258.08447,26.65507,0.569568,0.570001,36,3,543,390
1276,14.212,1944.92188,18.84208,0.604559,0.609226,36,3,544,392
1277,14.223,1979.29614,14.18985,0.613432,0.619075,36,3,545,394
1278,14.234,1209.96375,36.93182,0.73094,0.741918,27,2,556,399
1279,14.245,1285.99243,27.63534,0.642116,0.649337,24,2,560,401
1280,14.256,1276.18042,17.93141,0.601118,0.606801,24,2,560,402
1281,14.267,1269.05457,16.87689,0.611805,0.617901,20,2,565,405
1282,14.278,1228.10632,9.58757,0.616978,0.620662,18,2,568,406
1283,14.289,1241.74634,8.88285,0.622366,0.625515,16,2,571,407
1284,14.3,1221.67773,13.23672,0.628086,0.63164,13,2,574,409
1285,14.311,1221.31946,6.77071,0.63115,0.634538,12,2,575,409
1286,14.322,1226.39111,5.91759,0.635412,0.639335,11,2,577,410
1287,14.333,1184.62793,9.85268,0.637813,0.641626,9,2,580,411
1288,14.344,1191.89429,5.2217,0.640055,0.643978,8,2,581,411
1289,14.355,1197.979,4.0714,0.643925,0.64754,7,2,582,412
1290,14.366,1185.97925,4.00236,0.643901,0.647245,7,2,582,412
1291,14.377,1160.84375,6.80001,0.647212,0.650977,5,2,584,413
1292,14.388,1149.30029,3.11973,0.646378,0.650459,5,2,584,413
1293,14.399,1155.67615,2.32828,0.647641,0.651458,4,2,585,413
1294,14.41,1178.60522,4.95988,0.650604,0.654248,4,2,585,414
1295,14.422,1174.07056,6.07351,0.652325,0.655191,3,2,586,414
1296,14.433,1182.28845,1.45664,0.652734,0.655867,3,2,586,414
1297,14.444,1168.56934,2.42706,0.653329,0.656413,2,2,587,414
1298,14.455,1159.80493,0.9048,0.651426,0.654304,2,2,587,414
1299,14.466,1149.52734,1.05483,0.653478,0.654636,2,2,587,414
1300,14.477,1149.10217,0.07835,0.653434,0.654644,2,2,587,414
1301,14.489,1140.17285,0.96563,0.656114,0.6546,2,2,587,414
1302,14.501,1276.73755,70.71786,0.51556,0.519548,47,21,522,372
1303,14.512,1239.54004,39.36021,0.451008,0.454635,70,36,488,345
1304,14.524,929.74762,52.0494,0.334467,0.337349,116,59,420,298
1305,14.535,822.54614,27.49858,0.283701,0.286126,141,67,385,277
1306,14.546,701.11011,23.93152,0.239967,0.242797,165,74,352,257
1307,14.557,575.94971,21.27035,0.200989,0.20337,189,79,321,238
1308,14.568,337.63138,25.97702,0.142092,0.145666,235,85,265,205
1309,14.579,196.62421,13.49271,0.11948,0.122548,256,87,241,190
1310,14.59,61.57337,11.79636,0.100163,0.103397,276,88,219,176
1311,14.601,14.26133,15.4635,0.071333,0.073774,312,87,181,152
1312,14.612,15.92258,8.46608,0.060817,0.063383,328,86,166,141
1313,14.623,17.96105,7.46199,0.051041,0.053324,344,84,151,131
1314,14.634,23.35642,11.07184,0.036699,0.038456,371,80,127,114
1315,14.645,26.67907,5.93946,0.031582,0.03306,383,78,117,106
1316,14.656,30.84053,5.43463,0.027688,0.028777,394,76,108,99
1317,14.667,41.83348,8.54638,0.02719,0.021256,414,71,93,87
1318,14.678,48.89407,4.65355,0.027,0.017325,423,69,86,80
1319,14.689,58.62569,4.22266,0.01873,0.005477,184,161,23,79
1320,14.7,72.63721,5.81661,0.025798,0.013929,182,160,83,82
1321,14.711,85.7377,3.07763,0.03055,0.015544,181,159,84,83
1322,14.722,100.43956,2.85455,0.035237,0.016973,181,158,85,85
1323,14.733,139.00426,5.13733,0.045511,0.018908,179,157,87,87
1324,14.744,161.25294,2.52539,0.050365,0.019718,179,157,87,87
1325,14.755,189.82614,2.6262,0.056603,0.020754,178,156,89,89
1326,14.767,248.88229,4.51575,0.067212,0.022511,177,156,90,89
1327,14.779,281.38074,2.10534,0.071094,0.02262,177,155,90,91
1328,14.79,319.75574,2.19818,0.075952,0.023195,176,155,91,91
1329,14.801,466.5376,4.46549,0.086351,0.024421,176,155,91,91
1330,14.812,587.94141,2.36365,0.091371,0.024826,175,154,92,92
1331,14.823,723.75806,2.16249,0.096188,0.02562,175,154,92,93
1332,14.834,1009.02936,3.9197,0.101936,0.026101,174,154,93,93
1333,14.845,1154.70312,1.87427,0.103612,0.026814,174,154,93,93
1334,14.857,1289.26978,1.78764,0.105194,0.026935,174,154,93,93
1335,14.868,1482.97131,3.09421,0.106656,0.027032,174,154,93,93
1336,14.88,1569.70862,1.49346,0.107376,0.026972,174,153,93,94
1337,14.892,1667.17139,2.04383,0.108368,0.026854,173,153,94,94
1338,14.903,1695.59119,1.16043,0.10887,0.027146,173,153,94,94
1339,14.914,1717.03149,1.01726,0.109655,0.027506,173,153,94,94
1340,14.925,1760.18604,1.70513,0.110582,0.027591,173,153,94,94
1341,14.936,1787.29419,0.85032,0.110574,0.027579,173,153,94,95
1342,14.947,1803.04639,0.80898,0.110825,0.027587,173,153,94,95
1343,14.958,1838.52588,1.41248,0.111505,0.027644,173,153,94,95
1344,14.969,1842.56726,0.7279,0.111829,0.02766,172,153,95,95
1345,14.981,1848.56018,1.37598,0.111732,0.027753,172,153,95,95
1346,14.992,1846.25903,0.63369,0.111623,0.02785,172,153,95,95
1347,15.003,1840.00439,0.54147,0.112011,0.028024,172,153,95,95
1348,15.014,1853.95312,1.05338,0.111967,0.027988,172,153,95,95
1349,15.026,1851.62305,0.55432,0.112379,0.028032,172,153,95,95
1350,15.037,1864.47375,0.82646,0.112315,0.02815,172,153,95,95
1351,15.048,1879.27856,0.8413,0.113177,0.028307,172,153,95,95
1352,15.06,1882.20642,0.57999,0.113217,0.02832,172,153,95,95
1353,15.071,1879.16809,0.43822,0.113375,0.028344,172,153,95,95
1354,15.082,1889.36133,0.6041,0.113501,0.028348,172,153,95,95
1355,15.093,1890.97998,0.43998,0.113521,0.028356,172,153,95,95
1356,15.104,1884.52344,0.24521,0.113561,0.028307,172,153,95,95
1357,15.115,1876.01147,0.55851,0.113683,0.028267,172,153,95,95
1358,15.126,1875.52625,0.27394,0.113679,0.028251,172,153,95,95
1359,15.137,1874.42041,0.20532,0.11374,0.028251,172,153,95,95
1360,15.148,1883.23315,0.51017,0.113816,0.028279,172,153,95,95
1361,15.159,1883.67908,0.162,0.113825,0.028283,172,153,95,95
1362,15.17,1881.95239,0.17911,0.113723,0.028251,172,153,95,95
1363,15.181,1931.45288,2.79143,0.114509,0.028643,171,152,96,96
1364,15.192,1931.63586,2.46177,0.114582,0.028639,171,152,96,96
1365,15.203,1909.70532,0.80441,0.114197,0.028538,171,152,96,96
1366,15.214,1882.08496,2.28615,0.11378,0.028263,172,152,95,96
1367,15.226,1891.12451,6.09959,0.112432,0.027911,172,153,95,95
1368,15.237,1915.14478,5.00994,0.111691,0.027611,173,153,94,95
1369,15.248,1898.37012,5.40139,0.110667,0.027332,173,153,94,94
1370,15.259,1879.55542,9.20299,0.108781,0.026935,174,154,93,93
1371,15.27,1887.21863,4.84056,0.108315,0.027174,175,154,93,93
1372,15.281,1853.40686,7.56186,0.105899,0.026194,176,154,92,93
1373,15.292,1840.30212,3.66312,0.105259,0.026243,176,155,92,92
1374,15.303,1838.32715,3.33381,0.104466,0.026049,177,155,91,91
1375,15.314,1851.96045,5.22901,0.103713,0.02545,177,155,91,91
1376,15.325,1820.44202,2.42711,0.103085,0.02545,178,155,90,91
1377,15.336,1827.80322,2.33557,0.102515,0.025433,178,155,90,91
1378,15.347,1814.39575,3.4565,0.101134,0.024996,178,156,90,90
1379,15.358,1831.38306,1.59431,0.101563,0.024895,179,156,89,90
1380,15.369,1822.50903,1.33411,0.100895,0.024826,179,156,89,90
1381,15.38,1817.83411,1.09941,0.101118,0.025138,179,156,90,90
1382,15.391,1816.36377,1.87175,0.100827,0.024915,179,156,90,90
1383,15.402,1804.73657,0.8309,0.100827,0.024782,179,156,90,90
1384,15.413,1804.59863,3.22546,0.099527,0.024632,180,156,89,89
1385,15.424,1805.73889,0.11066,0.099466,0.024612,180,156,89,89
1386,15.435,1806.24854,0.06611,0.099446,0.024608,180,156,89,89
1387,15.446,943.69507,6.1441,0.099539,0.023907,180,156,89,89
1388,15.457,289.82709,14.74699,0.098564,0.021653,2,223,31,185
1389,15.469,324.42371,13.32668,0.100114,0.038881,2,222,58,173
1390,15.48,527.74335,23.44556,0.107591,0.092864,2,65,114,305
1391,15.491,552.28003,14.87786,0.112991,0.106619,2,75,141,283
1392,15.502,606.67932,13.95139,0.116193,0.116002,2,83,162,265
1393,15.513,836.58344,20.71196,0.125539,0.126009,2,98,201,232
1394,15.524,903.05164,12.55273,0.127567,0.128685,2,103,216,220
1395,15.535,929.48083,11.56016,0.129774,0.130757,2,108,229,209
1396,15.546,916.12329,10.13045,0.129365,0.130696,2,112,240,200
1397,15.557,925.53558,12.70685,0.127195,0.130025,2,118,256,187
1398,15.568,1020.75397,8.83412,0.123042,0.126608,7,121,257,181
1399,15.58,1062.97937,11.34751,0.124094,0.117464,25,124,247,175
1400,15.591,1064.74219,7.22326,0.124232,0.114371,31,125,244,172
1401,15.602,1065.50378,0.76133,0.124228,0.114367,31,125,244,172
1402,15.613,1096.35669,2.27372,0.125738,0.114488,32,125,243,172
1403,15.624,1095.7395,3.81748,0.130231,0.133311,2,124,274,176
1404,15.635,1104.18311,4.11861,0.130231,0.132413,2,123,274,175
1405,15.646,1101.96692,7.10894,0.130607,0.13315,2,121,275,173
1406,15.657,1090.31897,5.03825,0.131287,0.133413,2,119,275,172
1407,15.668,1085.41675,5.14763,0.130794,0.13372,2,118,276,171
1408,15.679,1058.92444,8.17169,0.129713,0.133486,2,115,277,168
1409,15.69,1058.27441,5.40432,0.128588,0.131911,2,113,277,167
1410,15.701,1051.23071,6.29769,0.124596,0.128814,7,112,273,166
1411,15.712,1066.22815,8.36768,0.110874,0.115027,32,111,249,164
1412,15.723,1039.5697,13.66311,0.110679,0.113003,58,108,247,162
1413,15.734,1075.41089,9.09225,0.122366,0.123734,60,107,266,161
1414,15.745,1131.87109,9.88983,0.131947,0.132397,2,104,344,162
1415,15.757,1178.14648,18.778,0.165683,0.16612,2,84,379,307
1416,15.768,1215.89404,17.08762,0.183729,0.183114,2,83,395,312
1417,15.779,1253.67993,25.58811,0.216044,0.214024,23,81,402,322
1418,15.79,1256.67456,17.5931,0.232122,0.229685,50,80,387,326
1419,15.801,1367.84473,17.72046,0.244335,0.244489,70,79,378,330
1420,15.812,1368.81091,17.74872,0.252617,0.18349,71,79,387,174
1421,15.823,1354.60815,24.68164,0.270954,0.19093,72,78,403,174
1422,15.834,1271.49756,16.3407,0.275893,0.191744,73,77,409,178
1423,15.845,1259.25354,15.23424,0.283547,0.195189,73,98,415,153
1424,15.856,1192.86646,20.71523,0.292129,0.200188,74,98,424,151
1425,15.867,1160.13733,13.02902,0.294194,0.093233,218,276,210,140
1426,15.878,1146.72485,11.17707,0.297145,0.095544,229,278,210,138
1427,15.889,1108.3988,15.26634,0.297833,0.098446,249,281,209,135
1428,15.9,1093.3811,8.58605,0.299496,0.100701,258,282,208,134
1429,15.911,1084.30713,7.90507,0.300614,0.101936,265,283,208,133
1430,15.922,1060.12085,10.59605,0.302269,0.10385,275,285,210,131
1431,15.934,1047.46436,5.95173,0.303249,0.104895,279,286,211,130
1432,15.945,1050.59326,5.37372,0.303986,0.106198,283,286,211,130
1433,15.956,1038.95532,7.5837,0.302634,0.10496,290,288,212,128
1434,15.967,1040.56116,3.617,0.303395,0.105263,294,288,211,128
1435,15.978,1043.86206,3.1793,0.303415,0.105401,296,288,211,128
1436,15.989,1042.02039,4.05237,0.30333,0.105194,301,289,211,127
1437,16.001,1038.86584,2.31346,0.302083,0.104445,302,290,211,126
1438,16.012,1042.5686,1.74245,0.302492,0.104822,304,290,211,126
1439,16.023,1043.72791,2.24725,0.302747,0.105255,306,290,211,126
1440,16.034,1040.4165,1.23888,0.30314,0.105219,307,290,211,126
1441,16.045,1040.64673,0.88391,0.302727,0.104871,307,290,211,126
1442,16.056,1042.78442,1.47122,0.30246,0.105049,308,290,211,126
1443,16.067,1042.55615,0.70075,0.303225,0.105296,309,290,211,126
1444,16.078,1041.52576,0.66918,0.303156,0.105615,309,290,211,126
1445,16.089,1037.87073,1.13151,0.302864,0.105656,309,290,211,126
1446,16.1,1037.91821,0.52662,0.303087,0.105405,309,290,211,126
1447,16.111,1040.35303,0.46958,0.303204,0.105433,309,290,211,126
1448,16.122,1042.2002,1.00791,0.302917,0.105611,309,290,211,126
1449,16.133,1041.49133,0.5576,0.302966,0.105692,309,290,211,126
1450,16.144,1037.82227,0.57793,0.303241,0.105611,309,290,211,126
1451,16.155,1039.34326,1.01476,0.303046,0.105198,309,290,211,126
1452,16.166,1041.43018,0.52954,0.302779,0.105081,309,290,210,126
1453,16.177,1043.36414,0.52091,0.302557,0.105162,308,290,211,126
1454,16.188,1042.92383,0.49915,0.302872,0.105514,308,290,211,126
1455,16.199,1040.38306,1.16674,0.303059,0.105478,308,290,211,126
1456,16.21,1037.88757,0.37065,0.302885,0.10532,308,290,211,126
1457,16.222,1038.09119,0.60248,0.302496,0.104862,307,290,211,126
1458,16.233,1038.41333,0.3085,0.30252,0.105004,307,290,211,126
1459,16.244,1039.53174,0.28247,0.30299,0.105413,307,290,211,126
1460,16.255,1042.26196,1.17041,0.302994,0.105393,307,290,211,126
1461,16.267,1042.23657,0.13225,0.302876,0.105372,307,290,211,126
1462,16.278,1042.31079,0.20925,0.302812,0.105061,307,290,211,126
1463,16.289,1042.30042,0.11739,0.302719,0.105028,307,290,211,126
1464,16.3,1042.32043,0.10254,0.302411,0.104931,307,290,210,126
1465,16.311,1042.23486,0.18603,0.30199,0.10498,306,290,211,126
1466,16.322,1042.23486,0.0907,0.302059,0.104895,306,290,211,126
1467,16.333,1042.23486,0.52308,0.30229,0.105211,306,290,211,126
1468,16.344,1042.23486,0.01338,0.302281,0.105117,306,290,211,126
1469,16.355,1042.23486,0.01197,0.302281,0.105117,306,290,211,126
1470,16.367,1042.14209,0.0213,0.302087,0.105198,306,290,211,126
1471,16.379,1042.14209,0.00691,0.302083,0.10519,306,290,211,126
1472,16.39,1042.14209,0.01655,0.302083,0.105202,306,290,211,126
1473,16.401,1042.14209,0.01106,0.302067,0.105202,306,290,211,126
1474,16.412,1042.14209,0.02239,0.301881,0.105202,306,290,211,126
1475,16.423,1042.14136,0.01604,0.301881,0.105194,306,290,211,126
1476,16.434,1042.14746,0.00025,0.301881,0.105194,306,290,211,126
1477,16.446,1042.14746,7e-05,0.301881,0.105194,306,290,211,126
1478,16.458,759.30957,20.9453,0.272966,0.094224,306,293,211,123
1479,16.47,602.43091,15.24004,0.071981,0.051012,74,134,211,119
1480,16.481,355.05396,22.94834,0.003578,0.001988,183,189,33,39
1481,16.492,265.57434,12.79,0.00083,0.000251,504,21,9,7
1482,16.504,187.66541,11.3148,0.000721,0.000251,504,21,9,7
1483,16.515,73.87501,15.50508,0.000716,0.000251,504,21,9,7
1484,16.526,41.33831,6.82519,0.000716,0.000251,504,21,9,7
1485,16.537,23.51949,5.86324,0.000712,0.000251,504,21,9,7
1486,16.548,21.86613,5.89057,0.000676,0.000251,504,21,9,7
1487,16.559,25.0587,1.99759,0.00066,0.000251,504,21,9,7
1488,16.57,28.59249,1.98488,0.000644,0.000251,504,21,9,7
1489,16.581,38.07883,3.84503,0.005044,0.002206,184,186,12,50
1490,16.592,44.16735,1.95018,0.010262,0.003255,182,179,17,60
1491,16.603,51.70075,1.90075,0.015402,0.005024,180,160,21,80
1492,16.614,61.8915,2.05889,0.020807,0.006226,179,159,24,83
1493,16.625,76.7428,2.98498,0.029137,0.015629,177,157,87,86
1494,16.636,90.48824,1.80399,0.03408,0.017378,176,157,88,87
1495,16.648,105.45085,1.66411,0.038565,0.018584,176,156,89,89
1496,16.659,144.98581,3.22946,0.048669,0.020673,175,155,90,90
1497,16.671,167.8571,1.51453,0.053482,0.021248,175,155,90,91
1498,16.682,223.90735,2.89014,0.065585,0.02294,174,154,92,92
1499,16.693,255.08559,1.41158,0.071402,0.023681,173,154,93,93
1500,16.704,288.24741,1.28758,0.075264,0.024021,173,154,93,93
1501,16.716,369.95367,2.3862,0.083817,0.024976,173,154,93,93
1502,16.727,466.71118,1.93794,0.090298,0.025454,173,153,93,94
1503,16.738,589.88336,1.68723,0.095892,0.026405,172,153,95,94
1504,16.749,870.19739,2.64052,0.103433,0.02717,172,153,95,95
1505,16.76,1012.05615,1.20702,0.105822,0.027429,172,153,95,95
1506,16.771,1153.91406,0.97556,0.107558,0.02766,172,153,95,95
1507,16.782,1400.86633,1.63014,0.11027,0.02806,172,153,95,95
1508,16.793,1495.79565,0.79035,0.111149,0.028202,172,153,95,95
1509,16.804,1568.08557,0.62411,0.11172,0.028186,172,153,95,95
1510,16.815,1655.41284,0.95093,0.112367,0.028222,172,153,95,95
1511,16.826,1680.50647,0.40224,0.112545,0.028259,171,152,96,96
1512,16.837,1703.3269,0.43226,0.112598,0.028239,171,152,96,96
1513,16.848,1749.84973,0.75376,0.113007,0.028295,171,152,96,96
1514,16.859,1773.14111,0.37746,0.113242,0.028303,171,152,96,96
1515,16.87,1793.24731,0.39152,0.11346,0.02832,171,152,96,96
1516,16.881,1818.21851,0.43555,0.113464,0.028364,171,152,96,96
1517,16.892,1856.41455,1.54516,0.113881,0.028558,171,152,96,96
1518,16.903,1864.10425,0.33027,0.113902,0.028558,171,152,96,96
1519,16.915,1876.48877,0.18991,0.11395,0.028627,171,152,96,96
1520,16.926,1887.71533,0.25804,0.113987,0.028631,171,152,96,96
1521,16.938,1892.05835,0.12508,0.114023,0.028639,171,152,96,96
1522,16.948,1897.23401,0.16018,0.11408,0.028639,171,152,96,96
1523,16.959,1899.97729,0.1094,0.114116,0.028639,171,152,96,96
1524,16.97,1903.66333,0.10895,0.114132,0.028639,171,152,96,96
1525,16.981,1893.88599,3.58757,0.113991,0.028595,171,152,96,96
1526,16.993,1874.0553,1.85116,0.11378,0.02834,171,152,96,96
1527,17.004,1884.9917,3.39486,0.113209,0.028344,172,153,95,95
1528,17.015,1907.59839,8.10404,0.111177,0.027623,173,153,94,95
1529,17.026,1896.68872,5.1766,0.109635,0.026951,173,153,94,94
1530,17.037,1881.0614,5.32719,0.109372,0.027166,174,154,93,93
1531,17.048,1891.11768,8.55856,0.108247,0.027182,175,154,93,93
1532,17.059,1857.83496,4.50979,0.106814,0.026478,175,154,93,93
1533,17.07,1848.20215,3.94765,0.105915,0.02619,176,154,92,93
1534,17.081,1839.95752,6.37146,0.104433,0.026053,177,155,91,91
1535,17.092,1844.86206,2.7396,0.104332,0.025842,177,155,91,91
1536,17.103,1854.3833,2.4471,0.104178,0.025555,177,155,91,91
1537,17.114,1815.68311,3.75761,0.102899,0.025417,178,155,90,92
1538,17.125,1828.40527,1.55119,0.102506,0.025437,178,155,90,91
1539,17.136,1823.92334,1.39969,0.102211,0.025373,178,155,90,91
1540,17.147,1817.25293,2.30967,0.10115,0.024976,178,156,90,90
1541,17.158,1833.60022,1.08682,0.101575,0.024931,179,156,89,90
1542,17.169,1829.76416,0.92829,0.101276,0.024859,179,156,89,90
1543,17.18,1813.8186,3.7307,0.100572,0.024822,179,156,90,90
1544,17.191,1813.24951,0.1881,0.100414,0.024818,179,156,90,90
1545,17.202,1810.34656,0.19552,0.100563,0.024798,179,156,90,90
1546,17.213,944.99072,6.83802,0.102616,0.023976,179,156,89,89
1547,17.224,290.30319,14.73095,0.10092,0.022794,2,221,32,186
1548,17.235,331.72906,13.18752,0.102579,0.039921,2,220,59,175
1549,17.247,509.94772,23.37372,0.108672,0.093338,2,62,113,310
1550,17.258,578.99951,14.81615,0.114351,0.107712,2,71,139,290
1551,17.269,608.67554,13.84782,0.1182,0.118294,2,79,161,273
1552,17.28,833.27954,20.4346,0.126855,0.127515,2,93,198,243
1553,17.291,881.41382,12.58052,0.131607,0.132688,2,99,213,230
1554,17.302,953.80725,11.73529,0.134243,0.135299,2,103,225,221
1555,17.313,936.69885,14.08131,0.135841,0.137562,2,111,245,204
1556,17.324,943.44312,8.50895,0.135935,0.137667,2,113,252,199
1557,17.335,952.65125,7.96694,0.134894,0.136983,2,115,258,195
1558,17.346,988.89575,10.20207,0.131931,0.135356,3,119,265,187
1559,17.357,1009.86853,6.74475,0.129089,0.132425,9,120,262,185
1560,17.368,1093.63428,6.41309,0.129903,0.130684,14,120,259,184
1561,17.379,1094.24365,0.62479,0.129923,0.130684,14,120,259,184
1562,17.39,1093.1261,0.56684,0.129968,0.130733,14,120,259,184
1563,17.401,1079.99207,2.18873,0.131154,0.128733,14,120,260,184
1564,17.412,1042.5072,4.07133,0.134906,0.137092,2,120,272,186
1565,17.423,1090.03943,7.25383,0.135234,0.137663,2,118,273,184
1566,17.434,1079.09033,5.28961,0.135032,0.137141,2,117,273,182
1567,17.445,1080.71899,8.55732,0.13317,0.135627,2,115,274,179
1568,17.456,1119.26172,5.63666,0.133963,0.137335,2,113,275,178
1569,17.467,1131.4679,5.69445,0.133336,0.13621,2,112,276,175
1570,17.478,1109.44885,8.46074,0.131275,0.134506,2,110,277,171
1571,17.49,1062.24146,7.51546,0.122394,0.126786,14,108,266,170
1572,17.501,1094.14502,8.56456,0.108943,0.112116,41,107,239,169
1573,17.513,1099.86536,14.24952,0.122783,0.125159,54,105,265,165
1574,17.524,1155.677,9.64561,0.134404,0.135327,2,101,337,167
1575,17.535,1205.01953,11.27136,0.145399,0.146419,2,83,356,305
1576,17.546,1222.24023,20.62745,0.179835,0.179555,2,81,390,316
1577,17.557,1243.31616,17.67064,0.198646,0.197868,2,81,406,320
1578,17.568,1225.59021,17.94768,0.212392,0.210672,5,80,416,324
1579,17.579,1307.11243,25.70532,0.243363,0.242789,60,79,385,332
1580,17.591,1404.92065,17.72921,0.252993,0.251488,69,78,387,335
1581,17.602,1369.17236,18.17014,0.262041,0.188234,70,78,395,175
1582,17.613,1312.57837,24.19052,0.276002,0.192837,72,77,408,179
1583,17.625,1264.80078,15.93807,0.283373,0.196808,73,77,414,180
1584,17.636,1180.80688,21.29614,0.29049,0.198933,74,98,424,151
1585,17.647,1170.07947,13.57539,0.293234,0.091767,211,275,212,141
1586,17.659,1153.81055,11.73141,0.296853,0.095362,224,277,211,139
1587,17.67,1118.15247,15.71586,0.298023,0.09809,245,280,210,136
1588,17.681,1102.33887,8.87579,0.298472,0.09958,254,281,209,135
1589,17.692,1087.44336,8.16644,0.300063,0.101235,262,283,209,133
1590,17.703,1061.49475,11.00642,0.301354,0.103,273,285,210,131
1591,17.714,1052.04102,6.16597,0.303204,0.104842,278,285,211,131
1592,17.725,1046.10217,5.53322,0.304188,0.106061,282,286,211,130
1593,17.736,1038.90857,7.7001,0.303706,0.105972,289,287,212,129
1594,17.747,1039.13135,3.86806,0.303314,0.105401,293,288,211,128
1595,17.758,1041.6687,3.26395,0.303832,0.105575,296,288,211,128
1596,17.769,1038.79846,4.2815,0.303002,0.105247,300,289,211,127
1597,17.78,1040.26331,2.16244,0.303613,0.105729,302,289,211,127
1598,17.791,1043.32141,2.02718,0.302743,0.104636,304,290,211,126
1599,17.802,1040.84314,1.57612,0.302852,0.105134,305,290,211,126
1600,17.813,1037.92847,2.01231,0.30263,0.105154,307,290,211,126
1601,17.824,1037.97754,0.86875,0.302585,0.104785,308,290,210,126
1602,17.835,1038.54333,0.86732,0.30299,0.105486,308,290,211,126
1603,17.846,1041.24353,1.47179,0.303318,0.105474,309,290,211,126
1604,17.858,1043.36572,0.69749,0.303192,0.10551,309,290,211,126
1605,17.869,1042.6853,0.64679,0.30282,0.105134,309,290,211,126
1606,17.881,1037.89258,1.10645,0.302706,0.105008,309,290,211,126
1607,17.892,1037.98901,0.52875,0.30263,0.105028,309,290,211,126
1608,17.903,1040.13708,0.55166,0.302666,0.10517,309,290,211,126
1609,17.914,1042.89807,1.09184,0.303038,0.105607,309,290,211,126
1610,17.925,1041.75195,0.60703,0.303273,0.105599,309,290,211,126
1611,17.936,1038.06262,0.57775,0.303172,0.105502,309,290,211,126
1612,17.947,1040.1792,1.06528,0.303059,0.105142,309,290,211,126
1613,17.959,1041.64331,0.54297,0.302516,0.104947,309,290,210,126
1614,17.97,1043.09937,0.95054,0.302824,0.105437,308,290,211,126
1615,17.981,1042.40491,0.5002,0.30284,0.105563,308,290,211,126
1616,17.993,1040.47607,0.74186,0.303018,0.105482,308,290,211,126
1617,18.004,1038.60046,0.66602,0.302419,0.104769,308,290,210,126
1618,18.015,1038.36328,0.31024,0.302415,0.104919,307,290,211,126
1619,18.026,1039.11182,0.30657,0.30263,0.104951,307,290,211,126
1620,18.037,1041.66541,1.43706,0.303022,0.105453,307,290,211,126
1621,18.048,1041.87036,0.17835,0.302597,0.105352,307,290,211,126
1622,18.059,1041.97888,0.1476,0.302468,0.105202,307,290,211,126
1623,18.07,915.71033,10.08255,0.292619,0.10175,306,291,211,125
1624,18.081,760.83582,14.21044,0.272723,0.093888,306,293,211,123
1625,18.092,602.67871,15.27484,0.071811,0.051284,74,134,211,119
1626,18.104,354.96631,22.94155,0.003659,0.001911,184,189,32,39
1627,18.114,265.22278,12.81133,0.000826,0.000251,504,21,9,7
1628,18.125,187.74777,11.29938,0.000729,0.000251,504,21,9,7
1629,18.136,73.84765,15.51902,0.000721,0.000251,504,21,9,7
1630,18.147,41.35567,6.856,0.000712,0.000251,504,21,9,7
1631,18.158,23.54593,5.86561,0.000708,0.000251,504,21,9,7
1632,18.17,21.89132,5.89454,0.000672,0.000251,504,21,9,7
1633,18.181,25.09812,2.02292,0.000664,0.000251,504,21,9,7
1634,18.192,28.55885,2.02161,0.000652,0.000251,504,21,9,7
1635,18.203,38.17054,3.86766,0.005076,0.002202,184,187,12,49
1636,18.214,44.38581,2.0302,0.010666,0.003246,182,182,17,57
1637,18.225,51.8241,1.85301,0.015658,0.005028,180,160,20,80
1638,18.236,73.56264,3.8657,0.02619,0.010913,65,158,86,85
1639,18.247,76.64024,1.33078,0.028906,0.015508,177,157,87,86
1640,18.258,90.45157,1.81919,0.034007,0.017309,177,157,87,87
1641,18.269,124.94349,3.30533,0.043601,0.019811,175,156,90,89
1642,18.281,144.88013,1.59494,0.048681,0.020645,175,155,90,90
1643,18.292,167.88992,1.50749,0.053518,0.021292,174,155,91,91
1644,18.303,224.05099,2.88205,0.065706,0.023009,174,154,92,92
1645,18.314,255.3895,1.43253,0.071548,0.023753,174,154,92,93
1646,18.326,287.82071,1.18537,0.075248,0.024069,173,154,93,93
1647,18.337,369.87952,2.42081,0.083906,0.02502,173,154,93,93
1648,18.348,465.94727,1.92064,0.090136,0.025462,173,153,94,94
1649,18.359,589.58289,1.68696,0.095637,0.026304,172,153,95,94
1650,18.37,870.58289,2.68453,0.103421,0.027194,172,153,95,95
1651,18.381,1011.5658,1.15471,0.105793,0.027429,172,153,95,95
1652,18.392,1153.64441,0.98753,0.10755,0.027684,172,153,95,95
1653,18.403,1400.20691,1.63145,0.110165,0.028052,172,153,95,95
1654,18.414,1495.22705,0.78817,0.111149,0.028202,172,153,95,95
1655,18.425,1570.09033,0.69772,0.111772,0.028186,172,153,95,95
1656,18.437,1653.84717,0.83822,0.112311,0.028239,172,153,95,95
1657,18.448,1680.78772,0.41678,0.112558,0.028251,171,152,96,96
1658,18.46,1703.62415,0.42742,0.112541,0.028247,171,152,96,96
1659,18.471,1749.52539,0.75137,0.113055,0.028295,171,152,96,96
1660,18.482,1776.06519,0.48005,0.113323,0.028311,171,152,96,96
1661,18.493,1790.84131,0.2547,0.113468,0.02832,171,152,96,96
1662,18.505,1817.38074,0.4507,0.113525,0.028364,171,152,96,96
1663,18.517,1855.7804,1.55177,0.113914,0.028558,171,152,96,96
1664,18.529,1871.49829,0.39311,0.113938,0.028627,171,152,96,96
1665,18.54,1881.75903,0.25936,0.11397,0.028554,171,152,96,96
1666,18.551,1886.27051,0.10516,0.114011,0.028627,171,152,96,96
1667,18.562,1892.51501,0.1316,0.114084,0.028627,171,152,96,96
1668,18.574,1896.0686,0.10952,0.11412,0.028627,171,152,96,96
1669,18.585,1903.29431,0.13315,0.114193,0.028631,171,152,96,96
1670,18.596,1911.89185,0.23912,0.114193,0.028627,171,152,96,96
1671,18.607,1914.37842,0.08283,0.114237,0.028627,171,152,96,96
1672,18.619,1916.68042,0.07895,0.11427,0.028631,171,152,96,96
1673,18.63,1917.5752,0.05185,0.114262,0.028631,171,152,96,96
1674,18.642,1919.60388,0.06009,0.114258,0.028631,171,152,96,96
1675,18.653,1927.75073,0.14068,0.114306,0.028631,171,152,96,96
1676,18.664,1927.47681,0.00705,0.114294,0.028631,171,152,96,96
1677,18.675,1927.52417,0.00134,0.11429,0.028631,171,152,96,96
1678,18.686,1927.59668,0.00032,0.11429,0.028631,171,152,96,96
1679,18.697,1927.5979,0.00019,0.11429,0.028631,171,152,96,96
1680,18.708,1928.20093,0.0397,0.11429,0.028635,171,152,96,96
1681,18.72,1928.46948,0.00092,0.114294,0.028635,171,152,96,96
1682,18.732,1928.33521,0.0013,0.114294,0.028635,171,152,96,96
1683,18.743,1928.30835,0.00039,0.114294,0.028635,171,152,96,96
1684,18.754,1928.30835,6e-05,0.114294,0.028635,171,152,96,96
1685,18.765,1928.59644,0.01672,0.114294,0.028635,171,152,96,96
1686,18.776,1928.53137,0.00033,0.114294,0.028635,171,152,96,96
1687,18.787,1928.53137,1e-05,0.114294,0.028635,171,152,96,96
1688,18.798,1928.53137,0.0,0.114294,0.028635,171,152,96,96
1689,18.809,1928.53137,0.0,0.114294,0.028635,171,152,96,96
1690,18.82,1928.88574,0.0068,0.11429,0.028635,171,152,96,96
1691,18.831,1928.77515,0.00023,0.11429,0.028635,171,152,96,96
1692,18.842,1928.77515,0.0,0.11429,0.028635,171,152,96,96
1693,18.853,1928.77515,0.0,0.11429,0.028635,171,152,96,96
1694,18.864,1928.77515,0.0,0.11429,0.028635,171,152,96,96
1695,18.875,1928.82031,0.00249,0.114286,0.028635,171,152,96,96
1696,18.886,1928.82214,5e-05,0.114286,0.028635,171,152,96,96
1697,18.897,1928.82214,0.0,0.114286,0.028635,171,152,96,96
1698,18.908,1928.82214,0.0,0.114286,0.028635,171,152,96,96
1699,18.919,1928.82214,0.0,0.114286,0.028635,171,152,96,96
1700,18.93,1928.82739,0.00068,0.114286,0.028635,171,152,96,96
1701,18.941,1928.82739,0.0,0.114286,0.028635,171,152,96,96
1702,18.952,1928.82739,0.0,0.114286,0.028635,171,152,96,96
1703,18.963,1928.82739,0.0,0.114286,0.028635,171,152,96,96
1704,18.974,1928.82739,0.0,0.114286,0.028635,171,152,96,96
1705,18.985,1928.80566,0.0003,0.114286,0.028635,171,152,96,96
1706,18.997,1928.80566,0.0,0.114286,0.028635,171,152,96,96
1707,19.008,1928.80566,0.0,0.114286,0.028635,171,152,96,96
1708,19.019,1928.80566,0.0,0.114286,0.028635,171,152,96,96
1709,19.03,1928.80566,0.0,0.114286,0.028635,171,152,96,96
1710,19.041,1932.43152,0.35918,0.114387,0.028635,171,152,96,96
1711,19.053,1932.29517,0.07708,0.11444,0.028635,171,152,96,96
1712,19.064,1932.62048,0.011,0.114436,0.028635,171,152,96,96
1713,19.075,1932.20911,0.00356,0.114436,0.028635,171,152,96,96
1714,19.086,1932.62109,0.00082,0.11444,0.028635,171,152,96,96
1715,19.097,1932.86646,0.02866,0.114444,0.028635,171,152,96,96
1716,19.108,1932.86511,0.00116,0.114444,0.028635,171,152,96,96
1717,19.119,1932.86511,1e-05,0.114444,0.028635,171,152,96,96
1718,19.13,1932.84619,0.00065,0.114444,0.028635,171,152,96,96
1719,19.141,1932.84619,0.00012,0.114444,0.028635,171,152,96,96
1720,19.152,1932.79163,0.01098,0.114436,0.028635,171,152,96,96
1721,19.163,1932.79285,0.00029,0.114436,0.028635,171,152,96,96
